[
    {
        "brand": "Nordstrom Rack",
        "product_name": "Scoop Neck Slub T-Shirt (Regular & Petite)",
        "product_url": "https://www.nordstromrack.com/s/scoop-neck-slub-t-shirt-regular-petite/6047360?origin=category-personalizedsort&breadcrumb=Home%2FClearance&color=001",
        "product_image_urls": "https://n.nordstrommedia.com/id/sr3/597fdd5e-9d68-4919-a745-e84738e32878.jpeg?h=365&w=240&dpr=2",
        "sales_price": "5.84 \u2013 8.43",
        "retail_price": "12.97"
    },
    {
        "brand": "Nordstrom Rack",
        "product_name": "Faux Cracked Leather High Rise Ankle Leggings",
        "product_url": "https://www.nordstromrack.com/s/90-degree-by-reflex-faux-cracked-leather-high-rise-ankle-leggings/5985146?origin=category-personalizedsort&breadcrumb=Home%2FClearance&color=224",
        "product_image_urls": "https://n.nordstrommedia.com/id/sr3/3f8a938d-d36a-4247-9878-bdd34e9bdb3e.jpeg?h=365&w=240&dpr=2",
        "sales_price": "16.08 \u2013 19.97",
        "retail_price": "78"
    },
    {
        "brand": "Nordstrom Rack ",
        "product_name": "Legit Lace Set of 3 Hipster Briefs",
        "product_url": "https://www.nordstromrack.com/s/bp-bp-legit-lace-set-of-3-hipster-briefs/5935608?origin=category-personalizedsort&breadcrumb=Home%2FClearance&color=260",
        "product_image_urls": "https://n.nordstrommedia.com/id/sr3/052055a1-2bed-44b4-b549-83b0cd78cab0.jpeg?h=365&w=240&dpr=2",
        "sales_price": "5.97",
        "retail_price": "15"
    },
    {
        "brand": "Nordstrom Rack ",
        "product_name": "Women's Charlize Opal and Topaz Bracelet Watch, 32mm",
        "product_url": "https://www.nordstromrack.com/s/6786716?origin=category-personalizedsort&breadcrumb=Home%2FClearance&color=049",
        "product_image_urls": "https://n.nordstrommedia.com/id/sr3/5c6e95df-3300-498d-8d99-f277cfa9dea6.jpeg?h=365&w=240&dpr=2",
        "sales_price": "229.97",
        "retail_price": "1600"
    },
    {
        "brand": "Nordstrom Rack",
        "product_name": "Impulse Racerback Sport Bralette",
        "product_url": "https://www.nordstromrack.com/s/natori-impulse-racerback-sport-bralette/6419539?origin=category-personalizedsort&breadcrumb=Home%2FClearance&color=001",
        "product_image_urls": "https://n.nordstrommedia.com/id/sr3/d43b5967-98be-4ef7-ab3d-ffd6826d29d9.jpeg?h=365&w=240&dpr=2",
        "sales_price": "11.22",
        "retail_price": "14.97"
    },
    {
        "brand": "Nordstrom Rack ",
        "product_name": "Vintage Crew Neck Cotton T-Shirt",
        "product_url": "https://www.nordstromrack.com/s/madewell-vintage-crew-neck-cotton-t-shirt/6042235?origin=category-personalizedsort&breadcrumb=Home%2FClearance&color=701",
        "product_image_urls": "https://n.nordstrommedia.com/id/sr3/263c674f-8489-4103-9d3b-7f12e80281e5.jpeg?h=365&w=240&dpr=2",
        "sales_price": "10.18 \u2013 16.97",
        "retail_price": "19.5"
    },
    {
        "brand": "Nordstrom Rack",
        "product_name": "Interlink High Waist Leggings",
        "product_url": "https://www.nordstromrack.com/s/90-degree-by-reflex-interlink-high-waist-leggings/6060489?origin=category-personalizedsort&breadcrumb=Home%2FClearance&color=079",
        "product_image_urls": "https://n.nordstrommedia.com/id/sr3/7082761e-4919-4f48-b7c1-bf624ee9c646.jpeg?h=365&w=240&dpr=2",
        "sales_price": "14.28 \u2013 32.97",
        "retail_price": "78"
    },
    {
        "brand": "Nordstrom Rack ",
        "product_name": "14K Yellow Gold Green Quartz & Diamond Ring - Size 7",
        "product_url": "https://www.nordstromrack.com/s/7000183?origin=category-personalizedsort&breadcrumb=Home%2FClearance&color=330",
        "product_image_urls": "https://n.nordstrommedia.com/id/sr3/ffdadf77-493f-48a5-8401-abba534fe072.jpeg?h=365&w=240&dpr=2",
        "sales_price": "599.97",
        "retail_price": "1750"
    },
    {
        "brand": "Nordstrom Rack",
        "product_name": "Long V-Neck Pullover Sweater",
        "product_url": "https://www.nordstromrack.com/s/go-couture-long-v-neck-pullover-sweater/6267475?origin=category-personalizedsort&breadcrumb=Home%2FClearance&color=001",
        "product_image_urls": "https://n.nordstrommedia.com/id/sr3/fbca2da5-acfb-4f02-a871-76e0e49a9b5c.jpeg?h=365&w=240&dpr=2",
        "sales_price": "15.74",
        "retail_price": "148"
    },
    {
        "brand": "Nordstrom Rack ",
        "product_name": ". True Body Lift + Scoop Neck Wireless Bra",
        "product_url": "https://www.nordstromrack.com/s/true-and-co-true-co-true-body-lift-scoop-neck-wireless-bra/5611682?origin=category-personalizedsort&breadcrumb=Home%2FClearance&color=460",
        "product_image_urls": "https://n.nordstrommedia.com/id/sr3/2e5f5605-c64a-441c-abdd-3a9b34990c17.jpeg?h=365&w=240&dpr=2",
        "sales_price": "7.49 \u2013 29.97",
        "retail_price": "58"
    },
    {
        "brand": "Nordstrom Rack",
        "product_name": "Norena Ankle Strap Pump (Women)",
        "product_url": "https://www.nordstromrack.com/s/norena-ankle-strap-pump-women/7128825?origin=category-personalizedsort&breadcrumb=Home%2FClearance&color=001",
        "product_image_urls": "https://n.nordstrommedia.com/id/sr3/8c69220a-758b-414a-9bf1-c8c9dafc8b53.jpeg?h=365&w=240&dpr=2",
        "sales_price": "14.99",
        "retail_price": "89"
    },
    {
        "brand": "Nordstrom Rack ",
        "product_name": "Printed Dolman Sweater",
        "product_url": "https://www.nordstromrack.com/s/go-couture-printed-dolman-sweater/6048052?origin=category-personalizedsort&breadcrumb=Home%2FClearance&color=000",
        "product_image_urls": "https://n.nordstrommedia.com/id/sr3/20da93cf-8ea7-4eed-a1d6-07d85041116a.jpeg?h=365&w=240&dpr=2",
        "sales_price": "14.84",
        "retail_price": "118"
    },
    {
        "brand": "Nordstrom Rack",
        "product_name": "Hazel Pointed Toe Pump (Women)",
        "product_url": "https://www.nordstromrack.com/s/sam-edelman-hazel-pointed-toe-pump-women/4381926?origin=category-personalizedsort&breadcrumb=Home%2FClearance&color=303",
        "product_image_urls": "https://n.nordstrommedia.com/id/sr3/11745144-40b3-4aa2-b88d-a1076cce9d2a.jpeg?h=365&w=240&dpr=2",
        "sales_price": "27.99 \u2013 79.97",
        "retail_price": "140"
    },
    {
        "brand": "Nordstrom Rack",
        "product_name": "Elwood Knot Front Top",
        "product_url": "https://www.nordstromrack.com/s/madewell-elwood-knot-front-top/5159010?origin=category-personalizedsort&breadcrumb=Home%2FClearance&color=900",
        "product_image_urls": "https://n.nordstrommedia.com/id/sr3/84423dfe-03f5-4c16-9c53-d0634740fca5.jpeg?h=365&w=240&dpr=2",
        "sales_price": "11.99 \u2013 29.97",
        "retail_price": "39.5"
    },
    {
        "brand": "Nordstrom Rack",
        "product_name": "High Waist 7/8 Daily Pocket Leggings",
        "product_url": "https://www.nordstromrack.com/s/z-by-zella-high-waist-7-8-daily-pocket-leggings/6042943?origin=category-personalizedsort&breadcrumb=Home%2FClearance&color=507",
        "product_image_urls": "https://n.nordstrommedia.com/id/sr3/442a3aae-04b9-414b-871a-1293bec016dc.jpeg?h=365&w=240&dpr=2",
        "sales_price": "19.99 \u2013 28.97",
        "retail_price": "28.97"
    },
    {
        "brand": "Nordstrom Rack",
        "product_name": "Recharge Underwire Sports Bra (Regular & Plus Size, A-DDD Cups)",
        "product_url": "https://www.nordstromrack.com/s/natori-recharge-underwire-sports-bra-regular-plus-size-a-ddd-cups/6033388?origin=category-personalizedsort&breadcrumb=Home%2FClearance&color=277",
        "product_image_urls": "https://n.nordstrommedia.com/id/sr3/ac85de92-93cc-493b-a101-87b1a9ca75ba.jpeg?h=365&w=240&dpr=2",
        "sales_price": "18.87 \u2013 26.97",
        "retail_price": "66"
    },
    {
        "brand": "Nordstrom Rack",
        "product_name": "Pure Luxe Underwire T-Shirt Bra",
        "product_url": "https://www.nordstromrack.com/s/natori-pure-luxe-underwire-t-shirt-bra/3865966?origin=category-personalizedsort&breadcrumb=Home%2FClearance&color=537",
        "product_image_urls": "https://n.nordstrommedia.com/id/sr3/215fa3c3-05a3-4e52-8d33-7793497cf040.jpeg?h=365&w=240&dpr=2",
        "sales_price": "24.99 \u2013 32.97",
        "retail_price": "72"
    },
    {
        "brand": "Nordstrom Rack",
        "product_name": "14K Yellow Gold Plated Turquoise & Swarovski Crystal Accented Starburst Earrings",
        "product_url": "https://www.nordstromrack.com/s/adornia-14k-yellow-gold-plated-turquoise-swarovski-crystal-accented-starburst-earrings/6018623?origin=category-personalizedsort&breadcrumb=Home%2FClearance&color=400",
        "product_image_urls": "https://n.nordstrommedia.com/id/sr3/7fe89434-5e6f-42d3-886f-6d0843e73db7.jpeg?h=365&w=240&dpr=2",
        "sales_price": "19.98",
        "retail_price": "475"
    },
    {
        "brand": "Nordstrom Rack",
        "product_name": "True Body Lift Wireless Bra (Regular & Plus Size)",
        "product_url": "https://www.nordstromrack.com/s/true-and-co-true-body-lift-wireless-bra-regular-plus-size/4860918?origin=category-personalizedsort&breadcrumb=Home%2FClearance&color=340",
        "product_image_urls": "https://n.nordstrommedia.com/id/sr3/acc4c08c-8fa7-48d8-836f-0d935ebc5e47.jpeg?h=365&w=240&dpr=2",
        "sales_price": "7.49 \u2013 29.97",
        "retail_price": "58"
    },
    {
        "brand": "Nordstrom Rack",
        "product_name": "V-Neck Dolman Sleeve Pullover",
        "product_url": "https://www.nordstromrack.com/s/go-couture-v-neck-dolman-sleeve-pullover/5989931?origin=category-personalizedsort&breadcrumb=Home%2FClearance&color=001",
        "product_image_urls": "https://n.nordstrommedia.com/id/sr3/7a59808f-2750-4241-b679-0ac7664ab05c.jpeg?h=365&w=240&dpr=2",
        "sales_price": "18.83",
        "retail_price": "148"
    },
    {
        "brand": "Nordstrom Rack",
        "product_name": "Laurna Mule (Women)",
        "product_url": "https://www.nordstromrack.com/s/sam-edelman-laurna-mule-women/4820073?origin=category-personalizedsort&breadcrumb=Home%2FClearance&color=908",
        "product_image_urls": "https://n.nordstrommedia.com/id/sr3/07b9de9b-2cc4-44a5-8e5b-743e0df57d91.jpeg?h=365&w=240&dpr=2",
        "sales_price": "27.99 \u2013 79.97",
        "retail_price": "140.00 \u2013 160.00"
    },
    {
        "brand": "Nordstrom Rack ",
        "product_name": "Ashley Leather Pouch",
        "product_url": "https://www.nordstromrack.com/s/aimee-kestenberg-ashley-leather-pouch/6157760?origin=category-personalizedsort&breadcrumb=Home%2FClearance&color=425",
        "product_image_urls": "https://n.nordstrommedia.com/id/sr3/1e481d5a-5927-44cc-a7af-5417647a651b.jpeg?h=365&w=240&dpr=2",
        "sales_price": "5.99 \u2013 14.97",
        "retail_price": "48"
    },
    {
        "brand": "Nordstrom Rack",
        "product_name": "Velvet Trap Lipstick",
        "product_url": "https://www.nordstromrack.com/s/jeffree-star-cosmetics-velvet-trap-lipstick/6547233?origin=category-personalizedsort&breadcrumb=Home%2FClearance&color=604",
        "product_image_urls": "https://n.nordstrommedia.com/id/sr3/336d8a83-d714-4cc5-9970-254337e8cef8.jpeg?h=365&w=240&dpr=2",
        "sales_price": "7.48 \u2013 9.97",
        "retail_price": "18"
    },
    {
        "brand": "Nordstrom Rack",
        "product_name": "One-Shoulder Body-Con Midi Dress",
        "product_url": "https://www.nordstromrack.com/s/love-by-design-one-shoulder-body-con-midi-dress/5994702?origin=category-personalizedsort&breadcrumb=Home%2FClearance&color=696",
        "product_image_urls": "https://n.nordstrommedia.com/id/sr3/bee3fbce-505e-47b2-b244-8b9228f1d14c.jpeg?h=365&w=240&dpr=2",
        "sales_price": "34.99 \u2013 44.97",
        "retail_price": "96.00 \u2013 98.00"
    },
    {
        "brand": "Nordstrom Rack ",
        "product_name": "Robby Flared Heel Sandal (Women)",
        "product_url": "https://www.nordstromrack.com/s/chinese-laundry-robby-flared-heel-sandal-women/7095720?origin=category-personalizedsort&breadcrumb=Home%2FClearance&color=001",
        "product_image_urls": "https://n.nordstrommedia.com/id/sr3/2cd8ef06-0f68-4290-aa7e-c5655002d48a.jpeg?h=365&w=240&dpr=2",
        "sales_price": "19.23",
        "retail_price": "54.97"
    },
    {
        "brand": "Nordstrom Rack ",
        "product_name": "501\u00ae Original Cutoff Denim Shorts (Luxor Heat)",
        "product_url": "https://www.nordstromrack.com/s/levis-501-original-cutoff-denim-shorts-luxor-heat/5541713?origin=category-personalizedsort&breadcrumb=Home%2FClearance&color=450",
        "product_image_urls": "https://n.nordstrommedia.com/id/sr3/6ca0a3b0-aeb3-4b94-847d-433c78852d8b.jpeg?h=365&w=240&dpr=2",
        "sales_price": "24.97",
        "retail_price": "69.5"
    },
    {
        "brand": "Nordstrom Rack ",
        "product_name": "V-Neck Short Sleeve T-Shirt (Regular & Plus Size)",
        "product_url": "https://www.nordstromrack.com/s/madewell-v-neck-short-sleeve-t-shirt-regular-plus-size/6032405?origin=category-personalizedsort&breadcrumb=Home%2FClearance&color=204",
        "product_image_urls": "https://n.nordstrommedia.com/id/sr3/7a41310f-43a8-4a30-9043-7d190709cbb9.jpeg?h=365&w=240&dpr=2",
        "sales_price": "6.79 \u2013 16.97",
        "retail_price": "19.5"
    },
    {
        "brand": "Nordstrom Rack ",
        "product_name": "Puff Sleeve Crepe Top",
        "product_url": "https://www.nordstromrack.com/s/cece-puff-sleeve-crepe-top/5311869?origin=category-personalizedsort&breadcrumb=Home%2FClearance&color=006",
        "product_image_urls": "https://n.nordstrommedia.com/id/sr3/b6cc4df6-276e-44f1-8e43-1fe9f8bb1550.jpeg?h=365&w=240&dpr=2",
        "sales_price": "9.97",
        "retail_price": "59"
    },
    {
        "brand": "Nordstrom Rack",
        "product_name": "Eyelash Cardigan",
        "product_url": "https://www.nordstromrack.com/s/eyelash-cardigan/7035547?origin=category-personalizedsort&breadcrumb=Home%2FClearance&color=240",
        "product_image_urls": "https://n.nordstrommedia.com/id/sr3/286ba3e8-6623-4271-ad56-f6b4fc04f580.jpeg?h=365&w=240&dpr=2",
        "sales_price": "19.48 \u2013 19.99",
        "retail_price": "88"
    },
    {
        "brand": "Nordstrom Rack ",
        "product_name": "Jeane Slipper (Women)",
        "product_url": "https://www.nordstromrack.com/s/sam-edelman-jeane-slipper-women/5799095?origin=category-personalizedsort&breadcrumb=Home%2FClearance&color=200",
        "product_image_urls": "https://n.nordstrommedia.com/id/sr3/8b7006bc-ecaf-4393-9355-142f6373e18c.jpeg?h=365&w=240&dpr=2",
        "sales_price": "13.98 \u2013 14.98",
        "retail_price": "60"
    },
    {
        "brand": "Nordstrom Rack ",
        "product_name": "Black Series Ultra Sonic Whitening ToothBrush with 8 DuPont Brush Heads & Travel Case",
        "product_url": "https://www.nordstromrack.com/s/aquasonic-black-series-ultra-sonic-whitening-toothbrush-with-8-dupont-brush-heads-travel-case/5994015?origin=category-personalizedsort&breadcrumb=Home%2FClearance&color=250",
        "product_image_urls": "https://n.nordstrommedia.com/id/sr3/62a37022-35c2-456b-a9e3-cba5714b61ff.jpeg?h=365&w=240&dpr=2",
        "sales_price": "33.95",
        "retail_price": "139.99"
    },
    {
        "brand": "Nordstrom Rack",
        "product_name": "Seamed Faux Suede Leggings",
        "product_url": "https://www.nordstromrack.com/s/seamed-faux-suede-leggings/6134453?origin=category-personalizedsort&breadcrumb=Home%2FClearance&color=001",
        "product_image_urls": "https://n.nordstrommedia.com/id/sr3/d78735a0-340d-4fa4-9029-f88b95587b90.jpeg?h=365&w=240&dpr=2",
        "sales_price": "16.23 \u2013 18.73",
        "retail_price": "58"
    },
    {
        "brand": "Nordstrom Rack ",
        "product_name": "Pleated Neck Short Sleeve Sheath Dress",
        "product_url": "https://www.nordstromrack.com/s/maggy-london-pleated-neck-short-sleeve-sheath-dress/6044205?origin=category-personalizedsort&breadcrumb=Home%2FClearance&color=400",
        "product_image_urls": "https://n.nordstrommedia.com/id/sr3/c1517ef2-6142-4a2b-bb42-5491ecb7d11c.jpeg?h=365&w=240&dpr=2",
        "sales_price": "33.74 \u2013 44.99",
        "retail_price": "128"
    },
    {
        "brand": "Nordstrom Rack",
        "product_name": "3-Pack No Show Socks",
        "product_url": "https://www.nordstromrack.com/s/nordstrom-3-pack-no-show-socks/7081502?origin=category-personalizedsort&breadcrumb=Home%2FClearance&color=421",
        "product_image_urls": "https://n.nordstrommedia.com/id/sr3/98bec669-2ac9-4d72-a984-8bd27cf6b114.jpeg?h=365&w=240&dpr=2",
        "sales_price": "4.97 \u2013 10.00",
        "retail_price": "10"
    },
    {
        "brand": "Nordstrom Rack ",
        "product_name": "Wynter Faux Fur Slipper (Women)",
        "product_url": "https://www.nordstromrack.com/s/abound-wynter-faux-fur-slipper-women/6040601?origin=category-personalizedsort&breadcrumb=Home%2FClearance&color=001",
        "product_image_urls": "https://n.nordstrommedia.com/id/sr3/dff49420-1030-49c4-85c6-ed02c9ae58c2.jpeg?h=365&w=240&dpr=2",
        "sales_price": "7.49 \u2013 9.73",
        "retail_price": "14.97"
    },
    {
        "brand": "Nordstrom Rack ",
        "product_name": "Brushed Knit Puff Sleeve Top",
        "product_url": "https://www.nordstromrack.com/s/madewell-brushed-knit-puff-sleeve-top/5761543?origin=category-personalizedsort&breadcrumb=Home%2FClearance&color=900",
        "product_image_urls": "https://n.nordstrommedia.com/id/sr3/f51310ff-b1d1-49c2-a22f-72c3f2bdaed9.jpeg?h=365&w=240&dpr=2",
        "sales_price": "14.09 \u2013 30.53",
        "retail_price": "69.5"
    },
    {
        "brand": "Nordstrom Rack",
        "product_name": "Interlink Thumbhole Zip Front Jacket",
        "product_url": "https://www.nordstromrack.com/s/90-degree-by-reflex-interlink-thumbhole-zip-front-jacket/6056748?origin=category-personalizedsort&breadcrumb=Home%2FClearance&color=028",
        "product_image_urls": "https://n.nordstrommedia.com/id/sr3/03abb561-c31e-4908-acaa-80a2f769f7fa.jpeg?h=365&w=240&dpr=2",
        "sales_price": "24.49 \u2013 29.97",
        "retail_price": "88"
    },
    {
        "brand": "Nordstrom Rack",
        "product_name": "Taite Pointed Toe Bootie (Women)",
        "product_url": "https://www.nordstromrack.com/s/steven-new-york-taite-pointed-toe-bootie-women/7096710?origin=category-personalizedsort&breadcrumb=Home%2FClearance&color=001",
        "product_image_urls": "https://n.nordstrommedia.com/id/sr3/2d0d1614-51cc-49dc-9da3-5c54add826dd.jpeg?h=365&w=240&dpr=2",
        "sales_price": "22.49 \u2013 49.99",
        "retail_price": "139.99"
    },
    {
        "brand": "Nordstrom Rack",
        "product_name": "Gammon Over-The-Knee Boot (Women)",
        "product_url": "https://www.nordstromrack.com/s/charles-by-charles-david-gammon-over-the-knee-boot-women/6250426?origin=category-personalizedsort&breadcrumb=Home%2FClearance&color=001",
        "product_image_urls": "https://n.nordstrommedia.com/id/sr3/da925bce-5ed6-4cd4-9788-e7b0e7dcf347.jpeg?h=365&w=240&dpr=2",
        "sales_price": "34.99",
        "retail_price": "149"
    },
    {
        "brand": "Nordstrom Rack",
        "product_name": "Doran Strappy Sandal (Women)",
        "product_url": "https://www.nordstromrack.com/s/sam-edelman-doran-strappy-sandal-women/5618873?origin=category-personalizedsort&breadcrumb=Home%2FClearance&color=205",
        "product_image_urls": "https://n.nordstrommedia.com/id/sr3/851fb244-8021-45da-878a-167f907a96ab.jpeg?h=365&w=240&dpr=2",
        "sales_price": "33.97 \u2013 54.97",
        "retail_price": "90.00 \u2013 130.00"
    },
    {
        "brand": "Nordstrom Rack",
        "product_name": "Techno Crepe Square Neck Dress",
        "product_url": "https://www.nordstromrack.com/s/melloday-techno-crepe-square-neck-dress/7027681?origin=category-personalizedsort&breadcrumb=Home%2FClearance&color=001",
        "product_image_urls": "https://n.nordstrommedia.com/id/sr3/f3541966-be3b-4e63-9923-da18e23159a0.jpeg?h=365&w=240&dpr=2",
        "sales_price": "29.98 \u2013 39.97",
        "retail_price": "39.97"
    },
    {
        "brand": "Nordstrom Rack",
        "product_name": "Everyday Ribbed Beanie",
        "product_url": "https://www.nordstromrack.com/s/melrose-and-market-everyday-ribbed-beanie/6744439?origin=category-personalizedsort&breadcrumb=Home%2FClearance&color=421",
        "product_image_urls": "https://n.nordstrommedia.com/id/sr3/18684def-8511-4517-918f-c3355822e3bb.jpeg?h=365&w=240&dpr=2",
        "sales_price": "5.98 \u2013 6.48",
        "retail_price": "9.97"
    },
    {
        "brand": "Nordstrom Rack ",
        "product_name": "Interlink High Waist Cross Active Leggings",
        "product_url": "https://www.nordstromrack.com/s/90-degree-by-reflex-interlink-high-waist-cross-active-leggings/7072059?origin=category-personalizedsort&breadcrumb=Home%2FClearance&color=315",
        "product_image_urls": "https://n.nordstrommedia.com/id/sr3/5e06d4cf-e1b0-46c5-9e7e-9d8081614aa2.jpeg?h=365&w=240&dpr=2",
        "sales_price": "17.24 \u2013 22.99",
        "retail_price": "78"
    },
    {
        "brand": "Nordstrom Rack ",
        "product_name": "Calla Slide Sandal (Women)",
        "product_url": "https://www.nordstromrack.com/s/caslon-calla-slide-sandal-women/5754775?origin=category-personalizedsort&breadcrumb=Home%2FClearance&color=001",
        "product_image_urls": "https://n.nordstrommedia.com/id/sr3/441dff4d-dd13-4629-b5f0-9cfca4e13ad8.jpeg?h=365&w=240&dpr=2",
        "sales_price": "17.98 \u2013 35.97",
        "retail_price": "59.95"
    },
    {
        "brand": "Nordstrom Rack",
        "product_name": "Side Knit Bootie (Women)",
        "product_url": "https://www.nordstromrack.com/s/side-knit-bootie-women/7091058?origin=category-personalizedsort&breadcrumb=Home%2FClearance&color=001",
        "product_image_urls": "https://n.nordstrommedia.com/id/sr3/4ebf2fb8-7fff-4532-a354-e65195d60a98.jpeg?h=365&w=240&dpr=2",
        "sales_price": "27.5",
        "retail_price": "109"
    },
    {
        "brand": "Nordstrom Rack ",
        "product_name": "Nico Straight Leg Ankle Jeans (Journey Home)",
        "product_url": "https://www.nordstromrack.com/s/hudson-jeans-nico-straight-leg-ankle-jeans-journey-home/6427590?origin=category-personalizedsort&breadcrumb=Home%2FClearance&color=426",
        "product_image_urls": "https://n.nordstrommedia.com/id/sr3/5f583a38-e609-4e7d-ab07-46c6803acfd1.jpeg?h=365&w=240&dpr=2",
        "sales_price": "73.97",
        "retail_price": "195"
    },
    {
        "brand": "Nordstrom Rack ",
        "product_name": "Long Sleeve Shirttail Hem Shirt",
        "product_url": "https://www.nordstromrack.com/s/halogen-long-sleeve-shirttail-hem-shirt/6082365?origin=category-personalizedsort&breadcrumb=Home%2FClearance&color=210",
        "product_image_urls": "https://n.nordstrommedia.com/id/sr3/11ae0c36-074d-4b19-b66c-55127d1a5628.jpeg?h=365&w=240&dpr=2",
        "sales_price": "12.58 \u2013 13.48",
        "retail_price": "39"
    },
    {
        "brand": "Nordstrom Rack ",
        "product_name": "Cara Ruffle Fit & Flare Dress",
        "product_url": "https://www.nordstromrack.com/s/x-by-gottex-cara-ruffle-fit-flare-dress/7206334?origin=category-personalizedsort&breadcrumb=Home%2FClearance&color=001",
        "product_image_urls": "https://n.nordstrommedia.com/id/sr3/04687c09-3c0b-41ba-b269-fe8e3feb74fe.jpeg?h=365&w=240&dpr=2",
        "sales_price": "18.88 \u2013 19.99",
        "retail_price": "88"
    },
    {
        "brand": "Nordstrom Rack ",
        "product_name": "Noa Platform Loafer (Women)",
        "product_url": "https://www.nordstromrack.com/s/noa-platform-loafer-women/7044956?origin=category-personalizedsort&breadcrumb=Home%2FClearance&color=049",
        "product_image_urls": "https://n.nordstrommedia.com/id/sr3/9d376279-49f6-4c36-8b55-d684c8c97952.jpeg?h=365&w=240&dpr=2",
        "sales_price": "41.98 \u2013 59.97",
        "retail_price": "168"
    },
    {
        "brand": "Nordstrom Rack",
        "product_name": "Stellar Fleece Jogger Pant",
        "product_url": "https://www.nordstromrack.com/s/z-by-zella-stellar-fleece-jogger-pant/6675605?origin=category-personalizedsort&breadcrumb=Home%2FClearance&color=510",
        "product_image_urls": "https://n.nordstrommedia.com/id/sr3/9d46783d-3d86-4be2-a2aa-eb1589390549.jpeg?h=365&w=240&dpr=2",
        "sales_price": "19.99",
        "retail_price": "29.97"
    },
    {
        "brand": "Nordstrom Rack ",
        "product_name": "Mock Neck Contrast Sleeve Blouse",
        "product_url": "https://www.nordstromrack.com/s/cece-mock-neck-contrast-sleeve-blouse/6882470?origin=category-personalizedsort&breadcrumb=Home%2FClearance&color=001",
        "product_image_urls": "https://n.nordstrommedia.com/id/sr3/83527058-22dd-4eae-bd94-b2a7f8eac240.jpeg?h=365&w=240&dpr=2",
        "sales_price": "27.97",
        "retail_price": "69"
    },
    {
        "brand": "Nordstrom Rack ",
        "product_name": "ASICS GEL-Excite 9 Trainer Sneaker (Women)",
        "product_url": "https://www.nordstromrack.com/s/asics-gel-excite-9-trainer-sneaker-women/6291500?origin=category-personalizedsort&breadcrumb=Home%2FClearance&color=100",
        "product_image_urls": "https://n.nordstrommedia.com/id/sr3/b8fa1898-0e39-462b-a9b5-1d5d47c988be.jpeg?h=365&w=240&dpr=2",
        "sales_price": "32.98 \u2013 54.97",
        "retail_price": "75"
    },
    {
        "brand": "Nordstrom Rack",
        "product_name": "Velour Bodysuit",
        "product_url": "https://www.nordstromrack.com/s/wishlist-velour-bodysuit/6553500?origin=category-personalizedsort&breadcrumb=Home%2FClearance&color=650",
        "product_image_urls": "https://n.nordstrommedia.com/id/sr3/439eb434-c187-478c-8d04-6fa1055b825e.jpeg?h=365&w=240&dpr=2",
        "sales_price": "8.79 \u2013 21.97",
        "retail_price": "42"
    },
    {
        "brand": "Nordstrom Rack",
        "product_name": "Printed Smocked Bodice Tiered Maxi Dress",
        "product_url": "https://www.nordstromrack.com/s/max-studio-printed-smocked-bodice-tiered-maxi-dress/6176600?origin=category-personalizedsort&breadcrumb=Home%2FClearance&color=305",
        "product_image_urls": "https://n.nordstrommedia.com/id/sr3/9e18fab2-99dc-4c5f-b971-d33a23f9f76d.jpeg?h=365&w=240&dpr=2",
        "sales_price": "22.48 \u2013 44.97",
        "retail_price": "138"
    },
    {
        "brand": "Nordstrom Rack",
        "product_name": "VIBE Series Pink UltraSonic Whitening Toothbrush with 8 DuPont Brush Heads & Travel Case",
        "product_url": "https://www.nordstromrack.com/s/aquasonic-vibe-series-pink-ultrasonic-whitening-toothbrush-with-8-dupont-brush-heads-travel-case/5999794?origin=category-personalizedsort&breadcrumb=Home%2FClearance&color=040",
        "product_image_urls": "https://n.nordstrommedia.com/id/sr3/d33a7cda-a782-4814-805f-64ec7efd25b5.jpeg?h=365&w=240&dpr=2",
        "sales_price": "33.95",
        "retail_price": "139.99"
    },
    {
        "brand": "Nordstrom Rack ",
        "product_name": "Lustreglass Sheer-Shine Lipstick",
        "product_url": "https://www.nordstromrack.com/s/mac-lustreglass-sheer-shine-lipstick/6127148?origin=category-personalizedsort&breadcrumb=Home%2FClearance&color=662",
        "product_image_urls": "https://n.nordstrommedia.com/id/sr3/ee02fedb-bdd1-4f63-92d3-79b7d5c64fed.jpeg?h=365&w=240&dpr=2",
        "sales_price": "18.00 \u2013 25.00",
        "retail_price": "24.00 \u2013 25.00"
    },
    {
        "brand": "Nordstrom Rack",
        "product_name": "Joyce Heeled Boot (Women)",
        "product_url": "https://www.nordstromrack.com/s/crevo-joyce-heeled-boot-women/7158507?origin=category-personalizedsort&breadcrumb=Home%2FClearance&color=001",
        "product_image_urls": "https://n.nordstrommedia.com/id/sr3/2256af16-998f-4d30-8a27-ec75692475ca.jpeg?h=365&w=240&dpr=2",
        "sales_price": "22.00 \u2013 33.00",
        "retail_price": "120"
    },
    {
        "brand": "Nordstrom Rack",
        "product_name": "14K Gold Plated Swarovski Crystal Accented Winding Snake Ring",
        "product_url": "https://www.nordstromrack.com/s/adornia-14k-gold-plated-swarovski-crystal-accented-winding-snake-ring/6003934?origin=category-personalizedsort&breadcrumb=Home%2FClearance&color=700",
        "product_image_urls": "https://n.nordstrommedia.com/id/sr3/838b8f2e-359c-47df-8500-74ee614eb4f2.jpeg?h=365&w=240&dpr=2",
        "sales_price": "19.98",
        "retail_price": "225"
    },
    {
        "brand": "Nordstrom Rack ",
        "product_name": "Floral Long Sleeve Midi Dress",
        "product_url": "https://www.nordstromrack.com/s/floral-long-sleeve-midi-dress/6790483?origin=category-personalizedsort&breadcrumb=Home%2FClearance&color=650",
        "product_image_urls": "https://n.nordstrommedia.com/id/sr3/6cc95f3d-3fd4-499f-bd80-52881fa4313f.jpeg?h=365&w=240&dpr=2",
        "sales_price": "70.97",
        "retail_price": "168"
    },
    {
        "brand": "Nordstrom Rack",
        "product_name": "Eyelash Knit Balloon Sleeve Popover Sweater",
        "product_url": "https://www.nordstromrack.com/s/sanctuary-eyelash-knit-balloon-sleeve-popover-sweater/6540079?origin=category-personalizedsort&breadcrumb=Home%2FClearance&color=001",
        "product_image_urls": "https://n.nordstrommedia.com/id/sr3/d9432afc-f2f7-4fec-9dea-905d6b8197d2.jpeg?h=365&w=240&dpr=2",
        "sales_price": "10.79 \u2013 18.88",
        "retail_price": "89"
    },
    {
        "brand": "Nordstrom Rack",
        "product_name": "Skylar Ballet Flat (Women)",
        "product_url": "https://www.nordstromrack.com/s/me-too-skylar-ballet-flat-women/7119800?origin=category-personalizedsort&breadcrumb=Home%2FClearance&color=014",
        "product_image_urls": "https://n.nordstrommedia.com/id/sr3/5b7cda65-2766-442f-baab-c08bb2705f96.jpeg?h=365&w=240&dpr=2",
        "sales_price": "15.00 \u2013 34.99",
        "retail_price": "89.95"
    },
    {
        "brand": "Nordstrom Rack",
        "product_name": "Skye T-Shirt",
        "product_url": "https://www.nordstromrack.com/s/splendid-skye-t-shirt/6878468?origin=category-personalizedsort&breadcrumb=Home%2FClearance&color=100",
        "product_image_urls": "https://n.nordstrommedia.com/id/sr3/24eb2b55-d288-4c98-b053-67b6a0af156d.jpeg?h=365&w=240&dpr=2",
        "sales_price": "16.97",
        "retail_price": "58"
    },
    {
        "brand": "Nordstrom Rack ",
        "product_name": "Butter Hoodie Jacket",
        "product_url": "https://www.nordstromrack.com/s/90-degree-by-reflex-butter-hoodie-jacket/6952073?origin=category-personalizedsort&breadcrumb=Home%2FClearance&color=033",
        "product_image_urls": "https://n.nordstrommedia.com/id/sr3/be4971d0-5324-4613-8b41-ed655dfe0ce4.jpeg?h=365&w=240&dpr=2",
        "sales_price": "19.99 \u2013 29.97",
        "retail_price": "78"
    },
    {
        "brand": "Nordstrom Rack",
        "product_name": "Feathers Underwire Contour Bra",
        "product_url": "https://www.nordstromrack.com/s/natori-feathers-underwire-contour-bra/3122001?origin=category-personalizedsort&breadcrumb=Home%2FClearance&color=036",
        "product_image_urls": "https://n.nordstrommedia.com/id/sr3/39338c1f-bb85-4a79-9bbb-83eea8d378b3.jpeg?h=365&w=240&dpr=2",
        "sales_price": "29.97 \u2013 42.97",
        "retail_price": "68.00 \u2013 72.00"
    },
    {
        "brand": "Nordstrom Rack",
        "product_name": "Rhys Woven Satin Mule (Women)",
        "product_url": "https://www.nordstromrack.com/s/sam-edelman-rhys-woven-satin-mule-women/7260351?origin=category-personalizedsort&breadcrumb=Home%2FClearance&color=400",
        "product_image_urls": "https://n.nordstrommedia.com/id/sr3/94862f9f-e424-4972-a1dd-ec44c87d12b2.jpeg?h=365&w=240&dpr=2",
        "sales_price": "13.99 \u2013 23.98",
        "retail_price": "80"
    },
    {
        "brand": "Nordstrom Rack",
        "product_name": "White Rhodium Plated Swarovski Crystal Accented Double Triangle Post Earrings",
        "product_url": "https://www.nordstromrack.com/s/adornia-white-rhodium-plated-swarovski-crystal-accented-double-triangle-post-earrings/5994562?origin=category-personalizedsort&breadcrumb=Home%2FClearance&color=220",
        "product_image_urls": "https://n.nordstrommedia.com/id/sr3/37ff9e40-3af7-428b-b6b2-4b04d37a7de1.jpeg?h=365&w=240&dpr=2",
        "sales_price": "19.98",
        "retail_price": "225"
    },
    {
        "brand": "Nordstrom Rack",
        "product_name": "Jana Loafer (Women)",
        "product_url": "https://www.nordstromrack.com/s/b-o-c-jana-loafer-women/6156868?origin=category-personalizedsort&breadcrumb=Home%2FClearance&color=001",
        "product_image_urls": "https://n.nordstrommedia.com/id/sr3/66e4174b-9dbf-412b-842b-bbc0f0622ad1.jpeg?h=365&w=240&dpr=2",
        "sales_price": "24.75 \u2013 54.99",
        "retail_price": "80"
    },
    {
        "brand": "Nordstrom Rack ",
        "product_name": "Supreme Gloss - Pink Vault",
        "product_url": "https://www.nordstromrack.com/s/jeffree-star-cosmetics-supreme-gloss-pink-vault/6547239?origin=category-personalizedsort&breadcrumb=Home%2FClearance&color=702",
        "product_image_urls": "https://n.nordstrommedia.com/id/sr3/f920a5a9-b4ef-48b9-b796-de139ecb6120.jpeg?h=365&w=240&dpr=2",
        "sales_price": "7.48 \u2013 9.97",
        "retail_price": "20"
    },
    {
        "brand": "Nordstrom Rack",
        "product_name": "BMissie Micro Crossbody Bag",
        "product_url": "https://www.nordstromrack.com/s/steve-madden-bmissie-micro-crossbody-bag/7126380?origin=category-personalizedsort&breadcrumb=Home%2FClearance&color=600",
        "product_image_urls": "https://n.nordstrommedia.com/id/sr3/bc2affde-396d-456c-97a0-85b4d996b157.jpeg?h=365&w=240&dpr=2",
        "sales_price": "17.48 \u2013 18.73",
        "retail_price": "58"
    },
    {
        "brand": "Nordstrom Rack",
        "product_name": "Natalie Flat (Women)",
        "product_url": "https://www.nordstromrack.com/s/natalie-flat-women/6877769?origin=category-personalizedsort&breadcrumb=Home%2FClearance&color=101",
        "product_image_urls": "https://n.nordstrommedia.com/id/sr3/8e6d368f-8efd-42bd-a4c7-323acdee17bc.jpeg?h=365&w=240&dpr=2",
        "sales_price": "34.00 \u2013 84.99",
        "retail_price": "129.95"
    },
    {
        "brand": "Nordstrom Rack ",
        "product_name": "Faux Shearling Jacket",
        "product_url": "https://www.nordstromrack.com/s/sam-edelman-faux-shearling-jacket/6436879?origin=category-personalizedsort&breadcrumb=Home%2FClearance&color=201",
        "product_image_urls": "https://n.nordstrommedia.com/id/sr3/5b77cd03-be0c-41f1-b928-57af52508b60.jpeg?h=365&w=240&dpr=2",
        "sales_price": "49.99 \u2013 94.97",
        "retail_price": "200"
    },
    {
        "brand": "Nordstrom Rack ",
        "product_name": "Satin Lipstick",
        "product_url": "https://www.nordstromrack.com/s/mac-satin-lipstick/7169396?origin=category-personalizedsort&breadcrumb=Home%2FClearance&color=726",
        "product_image_urls": "https://n.nordstrommedia.com/id/sr3/570285d4-5e49-491e-a44e-337f1c5f89c0.jpeg?h=365&w=240&dpr=2",
        "sales_price": "19.00 \u2013 22.00",
        "retail_price": "85"
    },
    {
        "brand": "Nordstrom Rack",
        "product_name": "with love stemless tasting flutes",
        "product_url": "https://www.nordstromrack.com/s/kate-spade-new-york-with-love-stemless-tasting-flutes/5521254?origin=category-personalizedsort&breadcrumb=Home%2FClearance&color=100",
        "product_image_urls": "https://n.nordstrommedia.com/id/sr3/7fa37e0b-fe15-47c2-8218-4b969fb99def.jpeg?h=365&w=240&dpr=2",
        "sales_price": "45.48 \u2013 66.97",
        "retail_price": "50"
    },
    {
        "brand": "Nordstrom Rack ",
        "product_name": "Printed 3/4 Length Sleeve Fit & Flare Dress",
        "product_url": "https://www.nordstromrack.com/s/max-studio-printed-3-4-length-sleeve-fit-flare-dress/6047888?origin=category-personalizedsort&breadcrumb=Home%2FClearance&color=822",
        "product_image_urls": "https://n.nordstrommedia.com/id/sr3/cf06d54d-bed5-4e67-8c64-69ea6d758087.jpeg?h=365&w=240&dpr=2",
        "sales_price": "13.99",
        "retail_price": "98"
    },
    {
        "brand": "Nordstrom Rack",
        "product_name": "Lux Drawstring Joggers",
        "product_url": "https://www.nordstromrack.com/s/90-degree-by-reflex-lux-drawstring-joggers/6688392?origin=category-personalizedsort&breadcrumb=Home%2FClearance&color=031",
        "product_image_urls": "https://n.nordstrommedia.com/id/sr3/c2e83e60-62a7-462e-a6d9-b73422b2bdf7.jpeg?h=365&w=240&dpr=2",
        "sales_price": "24.99",
        "retail_price": "78"
    },
    {
        "brand": "Nordstrom Rack",
        "product_name": "Natalie Flat",
        "product_url": "https://www.nordstromrack.com/s/6877769?origin=category-personalizedsort&breadcrumb=Home%2FClearance&color=101",
        "product_image_urls": "https://n.nordstrommedia.com/id/sr3/8e6d368f-8efd-42bd-a4c7-323acdee17bc.jpeg?h=365&w=240&dpr=2",
        "sales_price": "18.73 \u2013 24.97",
        "retail_price": "129.95"
    },
    {
        "brand": "Nordstrom Rack",
        "product_name": "Lugo Chain Stretch Bootie (Women)",
        "product_url": "https://www.nordstromrack.com/s/lugo-chain-stretch-bootie-women/7126410?origin=category-personalizedsort&breadcrumb=Home%2FClearance&color=001",
        "product_image_urls": "https://n.nordstrommedia.com/id/sr3/b0901150-9b39-4c1c-bdf5-c586439a46c2.jpeg?h=365&w=240&dpr=2",
        "sales_price": "34.00 \u2013 84.99",
        "retail_price": "139"
    },
    {
        "brand": "Nordstrom Rack ",
        "product_name": "Adeah Ruched Bootie (Women)",
        "product_url": "https://www.nordstromrack.com/s/eurosoft-adeah-ruched-bootie-women/6758673?origin=category-personalizedsort&breadcrumb=Home%2FClearance&color=001",
        "product_image_urls": "https://n.nordstrommedia.com/id/sr3/f444c30d-2e6a-430c-bb7c-ffbf57708620.jpeg?h=365&w=240&dpr=2",
        "sales_price": "22.50 \u2013 30.00",
        "retail_price": "99"
    },
    {
        "brand": "Nordstrom Rack ",
        "product_name": "Small Square Zip Organizer",
        "product_url": "https://www.nordstromrack.com/s/small-square-zip-organizer/6997018?origin=category-personalizedsort&breadcrumb=Home%2FClearance&color=710",
        "product_image_urls": "https://n.nordstrommedia.com/id/sr3/2e578dbb-f101-48c9-95ea-2a327a7b4427.jpeg?h=365&w=240&dpr=2",
        "sales_price": "19.49 \u2013 32.48",
        "retail_price": "15"
    },
    {
        "brand": "Nordstrom Rack",
        "product_name": "Sage Hoop Earrings",
        "product_url": "https://www.nordstromrack.com/s/7012718?origin=category-personalizedsort&breadcrumb=Home%2FClearance&color=710",
        "product_image_urls": "https://n.nordstrommedia.com/id/sr3/8d820b56-c3e4-4cb6-98e8-aef4c73fa4ae.jpeg?h=365&w=240&dpr=2",
        "sales_price": "6.75 \u2013 7.50",
        "retail_price": "68"
    },
    {
        "brand": "Nordstrom Rack",
        "product_name": "Sophie Criss Cross Plush Bedroom Slipper (Women)",
        "product_url": "https://www.nordstromrack.com/s/bp-bp-sophie-criss-cross-plush-bedroom-slipper-women/5361817?origin=category-personalizedsort&breadcrumb=Home%2FClearance&color=001",
        "product_image_urls": "https://n.nordstrommedia.com/id/sr3/3a4c8b22-9cb4-4de4-8fcb-2e8f93520757.jpeg?h=365&w=240&dpr=2",
        "sales_price": "19.97",
        "retail_price": "29.95"
    },
    {
        "brand": "Nordstrom Rack ",
        "product_name": "High-Low Full Jacket",
        "product_url": "https://www.nordstromrack.com/s/90-degree-by-reflex-high-low-full-jacket/6835482?origin=category-personalizedsort&breadcrumb=Home%2FClearance&color=423",
        "product_image_urls": "https://n.nordstrommedia.com/id/sr3/d272bd1e-1744-4bbb-9ed9-596d2190b85d.jpeg?h=365&w=240&dpr=2",
        "sales_price": "9.73",
        "retail_price": "88"
    },
    {
        "brand": "Nordstrom Rack",
        "product_name": "Set of 2 CZ Stud Earrings - 0.5 ctw",
        "product_url": "https://www.nordstromrack.com/s/nordstrom-rack-set-of-2-cz-stud-earrings-0-5-ctw/6135986?origin=category-personalizedsort&breadcrumb=Home%2FClearance&color=710",
        "product_image_urls": "https://n.nordstrommedia.com/id/sr3/6fb05e96-bf65-49c9-a29f-da63b45363f5.jpeg?h=365&w=240&dpr=2",
        "sales_price": "22.38 \u2013 31.97",
        "retail_price": "12.97"
    },
    {
        "brand": "Nordstrom Rack",
        "product_name": "Crew Neck Cashmere Sweater",
        "product_url": "https://www.nordstromrack.com/s/crew-neck-cashmere-sweater/7035551?origin=category-personalizedsort&breadcrumb=Home%2FClearance&color=001",
        "product_image_urls": "https://n.nordstrommedia.com/id/sr3/ed68c545-13a0-4a33-88db-5809dcd926bf.jpeg?h=365&w=240&dpr=2",
        "sales_price": "6.48",
        "retail_price": "215"
    },
    {
        "brand": "Nordstrom Rack ",
        "product_name": "shampoo, shower gel & bubble bath (Limited Edition)",
        "product_url": "https://www.nordstromrack.com/s/philosophy-shampoo-shower-gel-bubble-bath-limited-edition/6530510?origin=category-personalizedsort&breadcrumb=Home%2FClearance&color=962",
        "product_image_urls": "https://n.nordstrommedia.com/id/sr3/024661b3-2bb9-479e-b6a6-0403833cbba4.jpeg?h=365&w=240&dpr=2",
        "sales_price": "49.99",
        "retail_price": "20"
    },
    {
        "brand": "Nordstrom Rack",
        "product_name": "Let's Wander Washed Sneaker (Women)",
        "product_url": "https://www.nordstromrack.com/s/free-people-lets-wander-washed-sneaker-women/6957151?origin=category-personalizedsort&breadcrumb=Home%2FClearance&color=100",
        "product_image_urls": "https://n.nordstrommedia.com/id/sr3/1c8323af-36f1-42d6-9ffb-359a44d33dc4.jpeg?h=365&w=240&dpr=2",
        "sales_price": "9.73",
        "retail_price": "128"
    },
    {
        "brand": "Nordstrom Rack",
        "product_name": "Square Neck Puff Sleeve Top",
        "product_url": "https://www.nordstromrack.com/s/astr-the-label-square-neck-puff-sleeve-top/5809534?origin=category-personalizedsort&breadcrumb=Home%2FClearance&color=102",
        "product_image_urls": "https://n.nordstrommedia.com/id/sr3/aabcc3bc-a9b2-4d13-b9a1-ec28fd03ae09.jpeg?h=365&w=240&dpr=2",
        "sales_price": "41.98 \u2013 59.97",
        "retail_price": "55"
    },
    {
        "brand": "Nordstrom Rack",
        "product_name": "Open Front Pocket Long Cardigan",
        "product_url": "https://www.nordstromrack.com/s/open-front-pocket-long-cardigan/7048715?origin=category-personalizedsort&breadcrumb=Home%2FClearance&color=252",
        "product_image_urls": "https://n.nordstrommedia.com/id/sr3/1edcd9b5-4a8d-4d34-af34-baa823bf9805.jpeg?h=365&w=240&dpr=2",
        "sales_price": "19.97",
        "retail_price": "29.97"
    },
    {
        "brand": "Nordstrom Rack",
        "product_name": "Saltwater Water Resistant Duck Boot (Women)",
        "product_url": "https://www.nordstromrack.com/s/sperry-saltwater-water-resistant-duck-boot-women/6443642?origin=category-personalizedsort&breadcrumb=Home%2FClearance&color=310",
        "product_image_urls": "https://n.nordstrommedia.com/id/sr3/cf324584-ce8d-479b-8ec7-c43abd2781b6.jpeg?h=365&w=240&dpr=2",
        "sales_price": "19.48 \u2013 22.48",
        "retail_price": "89.97"
    },
    {
        "brand": "Nordstrom Rack",
        "product_name": "Boxy Cotton Logo Graphic Tee",
        "product_url": "https://www.nordstromrack.com/s/wrangler-boxy-cotton-logo-graphic-tee/7090300?origin=category-personalizedsort&breadcrumb=Home%2FClearance&color=468",
        "product_image_urls": "https://n.nordstrommedia.com/id/sr3/6fb45891-cafb-449b-b0b8-e10fb7359f38.jpeg?h=365&w=240&dpr=2",
        "sales_price": "34.99",
        "retail_price": "35"
    },
    {
        "brand": "Nordstrom Rack",
        "product_name": "Stripe V-Neck Tankini",
        "product_url": "https://www.nordstromrack.com/s/nike-stripe-v-neck-tankini/6572987?origin=category-personalizedsort&breadcrumb=Home%2FClearance&color=416",
        "product_image_urls": "https://n.nordstrommedia.com/id/sr3/9988f145-6178-40f4-8e91-d9a885ac817a.jpeg?h=365&w=240&dpr=2",
        "sales_price": "9.97",
        "retail_price": "54"
    },
    {
        "brand": "Nordstrom Rack",
        "product_name": "58mm Gradient Cat Eye Sunglasses",
        "product_url": "https://www.nordstromrack.com/s/fendi-58mm-gradient-cat-eye-sunglasses/5535819?origin=category-personalizedsort&breadcrumb=Home%2FClearance&color=200",
        "product_image_urls": "https://n.nordstrommedia.com/id/sr3/e708c453-01a3-4c45-887a-c7063c31b1ac.jpeg?h=365&w=240&dpr=2",
        "sales_price": "6.4",
        "retail_price": "325"
    },
    {
        "brand": "Nordstrom Rack",
        "product_name": "heritage dot silk blend bandana",
        "product_url": "https://www.nordstromrack.com/s/heritage-dot-silk-blend-bandana/7024676?origin=category-personalizedsort&breadcrumb=Home%2FClearance&color=415",
        "product_image_urls": "https://n.nordstrommedia.com/id/sr3/0399d6f7-e2e6-4786-ab60-78ee897879a8.jpeg?h=365&w=240&dpr=2",
        "sales_price": "95.98",
        "retail_price": "48"
    },
    {
        "brand": "Nordstrom Rack",
        "product_name": "Emilee Hoop Earrings",
        "product_url": "https://www.nordstromrack.com/s/sterling-forever-emilee-hoop-earrings/7193818?origin=category-personalizedsort&breadcrumb=Home%2FClearance&color=040",
        "product_image_urls": "https://n.nordstrommedia.com/id/sr3/d6d02baf-9af7-4db1-914d-62dd7e0a13e2.jpeg?h=365&w=240&dpr=2",
        "sales_price": "13.98",
        "retail_price": "72"
    },
    {
        "brand": "Nordstrom Rack ",
        "product_name": "BP Lance Leather Block Heel Bootie (Women)",
        "product_url": "https://www.nordstromrack.com/s/bp-bp-lance-leather-block-heel-bootie-women/6050547?origin=category-personalizedsort&breadcrumb=Home%2FClearance&color=002",
        "product_image_urls": "https://n.nordstrommedia.com/id/sr3/e538996a-70a0-434a-803d-bdbd8c483b81.jpeg?h=365&w=240&dpr=2",
        "sales_price": "11.98 \u2013 14.98",
        "retail_price": "89.95"
    },
    {
        "brand": "Nordstrom Rack",
        "product_name": "Livi Platform Slide Sandal (Women)",
        "product_url": "https://www.nordstromrack.com/s/sam-edelman-livi-platform-slide-sandal-women/5877949?origin=category-personalizedsort&breadcrumb=Home%2FClearance&color=200",
        "product_image_urls": "https://n.nordstrommedia.com/id/sr3/e066fd9f-2d06-4ad1-8064-a65724b1794c.jpeg?h=365&w=240&dpr=2",
        "sales_price": "32.48 \u2013 34.98",
        "retail_price": "140.00 \u2013 150.00"
    },
    {
        "brand": "Nordstrom Rack",
        "product_name": "Knit Organic Cotton Crop Camisole",
        "product_url": "https://www.nordstromrack.com/s/bp-bp-knit-organic-cotton-crop-camisole/6443816?origin=category-personalizedsort&breadcrumb=Home%2FClearance&color=211",
        "product_image_urls": "https://n.nordstrommedia.com/id/sr3/ffdd52da-7e02-4ffc-8bcc-d744e40bb7b8.jpeg?h=365&w=240&dpr=2",
        "sales_price": "48.98 \u2013 69.97",
        "retail_price": "12"
    },
    {
        "brand": "Nordstrom Rack ",
        "product_name": "Logo Patch Scarf",
        "product_url": "https://www.nordstromrack.com/s/givenchy-logo-patch-scarf/6630988?origin=category-personalizedsort&breadcrumb=Home%2FClearance&color=600",
        "product_image_urls": "https://n.nordstrommedia.com/id/sr3/8e635b8f-7614-425c-8975-e7921cd5d620.jpeg?h=365&w=240&dpr=2",
        "sales_price": "4.97",
        "retail_price": "410"
    },
    {
        "brand": "Nordstrom Rack",
        "product_name": "Stretch Cotton Chino Pants",
        "product_url": "https://www.nordstromrack.com/s/caslon-stretch-cotton-chino-pants/6486557?origin=category-personalizedsort&breadcrumb=Home%2FClearance&color=100",
        "product_image_urls": "https://n.nordstrommedia.com/id/sr3/1dc4918e-aaad-401c-b606-1014b86aed9e.jpeg?h=365&w=240&dpr=2",
        "sales_price": "126",
        "retail_price": "49"
    },
    {
        "brand": "Nordstrom Rack",
        "product_name": "Powerblend Joggers",
        "product_url": "https://www.nordstromrack.com/s/champion-powerblend-joggers/6772729?origin=category-personalizedsort&breadcrumb=Home%2FClearance&color=001",
        "product_image_urls": "https://n.nordstrommedia.com/id/sr3/b892fc86-f92f-455c-b29e-ff8f6581610b.jpeg?h=365&w=240&dpr=2",
        "sales_price": "19.97",
        "retail_price": "50"
    },
    {
        "brand": "Nordstrom Rack",
        "product_name": "Wide Leg Crepe Jumpsuit",
        "product_url": "https://www.nordstromrack.com/s/max-studio-wide-leg-crepe-jumpsuit/6065370?origin=category-personalizedsort&breadcrumb=Home%2FClearance&color=830",
        "product_image_urls": "https://n.nordstrommedia.com/id/sr3/dbdde306-3169-4e00-bef9-e927fe66d72d.jpeg?h=365&w=240&dpr=2",
        "sales_price": "24.68 \u2013 37.97",
        "retail_price": "118"
    },
    {
        "brand": "Nordstrom Rack",
        "product_name": "GEL-Cumulus 23 Running Shoe (Women)",
        "product_url": "https://www.nordstromrack.com/s/asics-gel-cumulus-23-running-shoe-women/5766173?origin=category-personalizedsort&breadcrumb=Home%2FClearance&color=400",
        "product_image_urls": "https://n.nordstrommedia.com/id/sr3/7fe73ba0-6797-4242-bbb3-ebab23d9f3ad.jpeg?h=365&w=240&dpr=2",
        "sales_price": "19.99 \u2013 34.97",
        "retail_price": "120"
    },
    {
        "brand": "Nordstrom Rack ",
        "product_name": "Tranquility Long Sleeve Shirt & Pants Two-Piece Pajama Set",
        "product_url": "https://www.nordstromrack.com/s/nordstrom-rack-tranquility-long-sleeve-shirt-pants-two-piece-pajama-set/6156150?origin=category-personalizedsort&breadcrumb=Home%2FClearance&color=611",
        "product_image_urls": "https://n.nordstrommedia.com/id/sr3/fb0aaaa1-677e-4463-9f8b-56fb66b3a315.jpeg?h=365&w=240&dpr=2",
        "sales_price": "31.49 \u2013 79.97",
        "retail_price": "34.97"
    },
    {
        "brand": "Nordstrom Rack ",
        "product_name": "Nico Mid Rise Ankle Skinny Jeans (Inked Pitch)",
        "product_url": "https://www.nordstromrack.com/s/hudson-jeans-nico-mid-rise-ankle-skinny-jeans-inked-pitch/5708380?origin=category-personalizedsort&breadcrumb=Home%2FClearance&color=001",
        "product_image_urls": "https://n.nordstrommedia.com/id/sr3/c9e49382-313c-4078-9e3a-d1acedb1209f.jpeg?h=365&w=240&dpr=2",
        "sales_price": "27.98 \u2013 34.97",
        "retail_price": "195"
    },
    {
        "brand": "Nordstrom Rack",
        "product_name": "Floral Print Balloon Sleeve Midi Dress",
        "product_url": "https://www.nordstromrack.com/s/max-studio-floral-print-balloon-sleeve-midi-dress/7038295?origin=category-personalizedsort&breadcrumb=Home%2FClearance&color=605",
        "product_image_urls": "https://n.nordstrommedia.com/id/sr3/1588aa5e-adad-4b34-91b8-c13ec846b69a.jpeg?h=365&w=240&dpr=2",
        "sales_price": "79.97",
        "retail_price": "168"
    },
    {
        "brand": "Nordstrom Rack",
        "product_name": "Puff Sleeve Midi Dress",
        "product_url": "https://www.nordstromrack.com/s/maggy-london-puff-sleeve-midi-dress/7176624?origin=category-personalizedsort&breadcrumb=Home%2FClearance&color=400",
        "product_image_urls": "https://n.nordstrommedia.com/id/sr3/63baa866-4751-467d-9a08-f0fbe979e0b9.jpeg?h=365&w=240&dpr=2",
        "sales_price": "19.98 \u2013 39.97",
        "retail_price": "128"
    },
    {
        "brand": "Nordstrom Rack ",
        "product_name": "Salete Leather Sandal (Women)",
        "product_url": "https://www.nordstromrack.com/s/vince-camuto-salete-leather-sandal-women/6748562?origin=category-personalizedsort&breadcrumb=Home%2FClearance&color=900",
        "product_image_urls": "https://n.nordstrommedia.com/id/sr3/53d84516-aa0e-48c1-a623-fe67f577ecbe.jpeg?h=365&w=240&dpr=2",
        "sales_price": "27.48 \u2013 49.97",
        "retail_price": "99"
    },
    {
        "brand": "Nordstrom Rack",
        "product_name": "Duval Mule (Women)",
        "product_url": "https://www.nordstromrack.com/s/franco-sarto-duval-mule-women/6873765?origin=category-personalizedsort&breadcrumb=Home%2FClearance&color=200",
        "product_image_urls": "https://n.nordstrommedia.com/id/sr3/7aeb09c6-ae21-4c43-8201-8b16efd0d69d.jpeg?h=365&w=240&dpr=2",
        "sales_price": "27.98 \u2013 39.97",
        "retail_price": "120"
    },
    {
        "brand": "Nordstrom Rack",
        "product_name": "Seamless Crossback Bralette",
        "product_url": "https://www.nordstromrack.com/s/z-by-zella-seamless-crossback-bralette/6033354?origin=category-personalizedsort&breadcrumb=Home%2FClearance&color=680",
        "product_image_urls": "https://n.nordstrommedia.com/id/sr3/1c124ab2-e29a-47c2-bfc6-7127dbbf852e.jpeg?h=365&w=240&dpr=2",
        "sales_price": "39.98 \u2013 49.97",
        "retail_price": "14.97"
    },
    {
        "brand": "Nordstrom Rack ",
        "product_name": "Funnel Neck Sweater",
        "product_url": "https://www.nordstromrack.com/s/topshop-funnel-neck-sweater/6594754?origin=category-personalizedsort&breadcrumb=Home%2FClearance&color=020",
        "product_image_urls": "https://n.nordstrommedia.com/id/sr3/053b0693-3f4b-4f00-be58-03f7cf9dbcde.jpeg?h=365&w=240&dpr=2",
        "sales_price": "9.73 \u2013 14.97",
        "retail_price": "39.97"
    },
    {
        "brand": "Nordstrom Rack ",
        "product_name": "Ride Along Ruched Crop Tank",
        "product_url": "https://www.nordstromrack.com/s/free-people-ride-along-ruched-crop-tank/7045874?origin=category-personalizedsort&breadcrumb=Home%2FClearance&color=001",
        "product_image_urls": "https://n.nordstrommedia.com/id/sr3/874cc996-ab72-44fd-b5e5-9025be9dcdf2.jpeg?h=365&w=240&dpr=2",
        "sales_price": "29.98 \u2013 31.98",
        "retail_price": "78"
    },
    {
        "brand": "Nordstrom Rack ",
        "product_name": "BareMinerals Mini Skin Calming Duo",
        "product_url": "https://www.nordstromrack.com/s/bareminerals-mini-skin-calming-duo/6997925?origin=category-personalizedsort&breadcrumb=Home%2FClearance&color=000",
        "product_image_urls": "https://n.nordstrommedia.com/id/sr3/e467260a-8602-4bee-a315-62210ddb8b67.jpeg?h=365&w=240&dpr=2",
        "sales_price": "9.24 \u2013 24.03",
        "retail_price": "14"
    },
    {
        "brand": "Nordstrom Rack ",
        "product_name": "Flori Pointed Toe Pump (Women)",
        "product_url": "https://www.nordstromrack.com/s/flori-pointed-toe-pump-women/7012200?origin=category-personalizedsort&breadcrumb=Home%2FClearance&color=250",
        "product_image_urls": "https://n.nordstrommedia.com/id/sr3/83c71309-de7e-4ccd-aadd-6189ea7631ac.jpeg?h=365&w=240&dpr=2",
        "sales_price": "7.48",
        "retail_price": "99"
    },
    {
        "brand": "Nordstrom Rack",
        "product_name": "Geometric Floral Print Smocked Waist Dress",
        "product_url": "https://www.nordstromrack.com/s/max-studio-geometric-floral-print-smocked-waist-dress/7038286?origin=category-personalizedsort&breadcrumb=Home%2FClearance&color=805",
        "product_image_urls": "https://n.nordstrommedia.com/id/sr3/4d55a4f6-bc66-4c66-868f-9cef92dd0cec.jpeg?h=365&w=240&dpr=2",
        "sales_price": "32.48 \u2013 49.97",
        "retail_price": "168"
    },
    {
        "brand": "Nordstrom Rack ",
        "product_name": "Estelle Synthetic Bootie (Women)",
        "product_url": "https://www.nordstromrack.com/s/me-too-estelle-synthetic-bootie-women/7206816?origin=category-personalizedsort&breadcrumb=Home%2FClearance&color=001",
        "product_image_urls": "https://n.nordstrommedia.com/id/sr3/5add8ce4-8649-48e0-a1f6-3292694ac164.jpeg?h=365&w=240&dpr=2",
        "sales_price": "15.99 \u2013 39.97",
        "retail_price": "79.95"
    },
    {
        "brand": "Nordstrom Rack",
        "product_name": "Gathered Cocktail Dress",
        "product_url": "https://www.nordstromrack.com/s/eliza-j-gathered-cocktail-dress/5789852?origin=category-personalizedsort&breadcrumb=Home%2FClearance&color=410",
        "product_image_urls": "https://n.nordstrommedia.com/id/sr3/e7bc8ee3-946e-4d14-86f2-7129696adced.jpeg?h=365&w=240&dpr=2",
        "sales_price": "22.00 \u2013 43.99",
        "retail_price": "138"
    },
    {
        "brand": "Nordstrom Rack ",
        "product_name": "Georgy Pointed Block Heel (Women)",
        "product_url": "https://www.nordstromrack.com/s/georgy-pointed-block-heel-women/7166134?origin=category-personalizedsort&breadcrumb=Home%2FClearance&color=900",
        "product_image_urls": "https://n.nordstrommedia.com/id/sr3/c3f15003-86df-4338-9295-5bceb20057a3.jpeg?h=365&w=240&dpr=2",
        "sales_price": "48.98",
        "retail_price": "79"
    },
    {
        "brand": "Nordstrom Rack",
        "product_name": "SARTO by Franco Sarto Sherry Half d'Orsay Pump (Women)",
        "product_url": "https://www.nordstromrack.com/s/sarto-by-franco-sarto-sherry-half-dorsay-pump-women/6657114?origin=category-personalizedsort&breadcrumb=Home%2FClearance&color=500",
        "product_image_urls": "https://n.nordstrommedia.com/id/sr3/b26a2b76-2766-47e1-8c36-fc1c67d74728.jpeg?h=365&w=240&dpr=2",
        "sales_price": "34.99 \u2013 44.99",
        "retail_price": "69.97 \u2013 150.00"
    },
    {
        "brand": "Nordstrom Rack",
        "product_name": "Confetti Low Rise Thongs - Pack of 3",
        "product_url": "https://www.nordstromrack.com/s/hanky-panky-confetti-low-rise-thongs-pack-of-3/6553485?origin=category-personalizedsort&breadcrumb=Home%2FClearance&color=450",
        "product_image_urls": "https://n.nordstrommedia.com/id/sr3/138f1232-8810-4bd4-b2ff-607c5307fcf2.jpeg?h=365&w=240&dpr=2",
        "sales_price": "19.99 \u2013 69.97",
        "retail_price": "66"
    },
    {
        "brand": "Nordstrom Rack ",
        "product_name": "Tab Sleeve Button-Down Midi Dress",
        "product_url": "https://www.nordstromrack.com/s/max-studio-tab-sleeve-button-down-midi-dress/7038290?origin=category-personalizedsort&breadcrumb=Home%2FClearance&color=001",
        "product_image_urls": "https://n.nordstrommedia.com/id/sr3/69a254aa-c5e3-46ab-84e2-017d3619a0cd.jpeg?h=365&w=240&dpr=2",
        "sales_price": "24.74 \u2013 29.24",
        "retail_price": "148"
    },
    {
        "brand": "Nordstrom Rack ",
        "product_name": "Lana Chelsea Boot (Women)",
        "product_url": "https://www.nordstromrack.com/s/b-o-c-by-born-lana-chelsea-boot-women/6721958?origin=category-personalizedsort&breadcrumb=Home%2FClearance&color=200",
        "product_image_urls": "https://n.nordstrommedia.com/id/sr3/cfdb64d3-c58b-415c-9519-0446bc2b1857.jpeg?h=365&w=240&dpr=2",
        "sales_price": "29.98 \u2013 39.97",
        "retail_price": "95"
    },
    {
        "brand": "Nordstrom Rack",
        "product_name": "Tie Waist Jumpsuit",
        "product_url": "https://www.nordstromrack.com/s/maisie-tie-waist-jumpsuit/7125409?origin=category-personalizedsort&breadcrumb=Home%2FClearance&color=602",
        "product_image_urls": "https://n.nordstrommedia.com/id/sr3/dc2a2eeb-b298-4fc9-9bd9-5dcb5076f1af.jpeg?h=365&w=240&dpr=2",
        "sales_price": "38.98",
        "retail_price": "88"
    },
    {
        "brand": "Nordstrom Rack",
        "product_name": "53mm Cat Eye Sunglasses",
        "product_url": "https://www.nordstromrack.com/s/53mm-cat-eye-sunglasses/7020494?origin=category-personalizedsort&breadcrumb=Home%2FClearance&color=012",
        "product_image_urls": "https://n.nordstrommedia.com/id/sr3/fbb219cf-9945-47ee-9460-02bfa26f7e6a.jpeg?h=365&w=240&dpr=2",
        "sales_price": "17.50 \u2013 37.49",
        "retail_price": "95"
    },
    {
        "brand": "Nordstrom Rack",
        "product_name": "Ruched Detail Organic Cotton Blend Top",
        "product_url": "https://www.nordstromrack.com/s/treasure-and-bond-ruched-detail-organic-cotton-blend-top/6652699?origin=category-personalizedsort&breadcrumb=Home%2FClearance&color=210",
        "product_image_urls": "https://n.nordstrommedia.com/id/sr3/ea46abc9-96fb-46ad-9ab1-d84f2bbc6180.jpeg?h=365&w=240&dpr=2",
        "sales_price": "19.98 \u2013 29.98",
        "retail_price": "29"
    },
    {
        "brand": "Nordstrom Rack ",
        "product_name": "Cutout Shoulder Turtleneck Sweater",
        "product_url": "https://www.nordstromrack.com/s/1state-1-state-cutout-shoulder-turtleneck-sweater/5727530?origin=category-personalizedsort&breadcrumb=Home%2FClearance&color=230",
        "product_image_urls": "https://n.nordstrommedia.com/id/sr3/8be59cba-5d16-4a7f-a4db-38664897bd95.jpeg?h=365&w=240&dpr=2",
        "sales_price": "11.97",
        "retail_price": "79"
    },
    {
        "brand": "Nordstrom Rack",
        "product_name": "Polarflex Fleece Lined Leggings",
        "product_url": "https://www.nordstromrack.com/s/90-degree-by-reflex-polarflex-fleece-lined-leggings/5984176?origin=category-personalizedsort&breadcrumb=Home%2FClearance&color=356",
        "product_image_urls": "https://n.nordstrommedia.com/id/sr3/90a241a0-cbfb-4978-998b-5152d7b5a93c.jpeg?h=365&w=240&dpr=2",
        "sales_price": "11.97 \u2013 31.97",
        "retail_price": "78"
    },
    {
        "brand": "Nordstrom Rack",
        "product_name": "Cashmere Gloves",
        "product_url": "https://www.nordstromrack.com/s/nordstrom-rack-cashmere-gloves/6167318?origin=category-personalizedsort&breadcrumb=Home%2FClearance&color=030",
        "product_image_urls": "https://n.nordstrommedia.com/id/sr3/863cc314-6d85-4861-a997-cf009b9a2a7f.jpeg?h=365&w=240&dpr=2",
        "sales_price": "16.78 \u2013 24.97",
        "retail_price": "29.97"
    },
    {
        "brand": "Nordstrom Rack ",
        "product_name": "Hope Ankle Boot (Women)",
        "product_url": "https://www.nordstromrack.com/s/zodiac-hope-ankle-boot-women/7008379?origin=category-personalizedsort&breadcrumb=Home%2FClearance&color=001",
        "product_image_urls": "https://n.nordstrommedia.com/id/sr3/9f739b3f-76d5-46c9-8ff1-86e79a7a0dcc.jpeg?h=365&w=240&dpr=2",
        "sales_price": "17.98 \u2013 19.99",
        "retail_price": "129"
    },
    {
        "brand": "Nordstrom Rack",
        "product_name": "Pleated Chiffon Sleeve Sheath Dress",
        "product_url": "https://www.nordstromrack.com/s/calvin-klein-pleated-chiffon-sleeve-sheath-dress/7194455?origin=category-personalizedsort&breadcrumb=Home%2FClearance&color=001",
        "product_image_urls": "https://n.nordstrommedia.com/id/sr3/fd3226f6-d68c-4804-bc63-3f951970f422.jpeg?h=365&w=240&dpr=2",
        "sales_price": "24.99 \u2013 47.98",
        "retail_price": "89.98"
    },
    {
        "brand": "Nordstrom Rack",
        "product_name": "Soxton Harness Bootie (Women)",
        "product_url": "https://www.nordstromrack.com/s/lucky-brand-soxton-harness-bootie-women/7026665?origin=category-personalizedsort&breadcrumb=Home%2FClearance&color=060",
        "product_image_urls": "https://n.nordstrommedia.com/id/sr3/9edb437a-8b7f-42d4-b577-d25b473a613a.jpeg?h=365&w=240&dpr=2",
        "sales_price": "29.99 \u2013 49.99",
        "retail_price": "159"
    },
    {
        "brand": "Nordstrom Rack",
        "product_name": "Evolet Flip Flop (Women)",
        "product_url": "https://www.nordstromrack.com/s/vince-camuto-evolet-flip-flop-women/5885669?origin=category-personalizedsort&breadcrumb=Home%2FClearance&color=720",
        "product_image_urls": "https://n.nordstrommedia.com/id/sr3/f1002e3d-1bf8-4746-9219-5218268e4fbf.jpeg?h=365&w=240&dpr=2",
        "sales_price": "41.98 \u2013 55.98",
        "retail_price": "59.00 \u2013 59.95"
    },
    {
        "brand": "Nordstrom Rack",
        "product_name": "Soul Naturalizer Oakley Ankle Strap Espadrille Wedge Sandal (Women)",
        "product_url": "https://www.nordstromrack.com/s/soul-naturalizer-oakley-ankle-strap-espadrille-wedge-sandal-women/6800911?origin=category-personalizedsort&breadcrumb=Home%2FClearance&color=001",
        "product_image_urls": "https://n.nordstrommedia.com/id/sr3/2394302f-3eb4-42eb-b3d2-c5c4f6236912.jpeg?h=365&w=240&dpr=2",
        "sales_price": "19.97 \u2013 29.97",
        "retail_price": "89.99"
    },
    {
        "brand": "Nordstrom Rack",
        "product_name": "Deep Surplice Neck Flutter Sleeve Jumpsuit",
        "product_url": "https://www.nordstromrack.com/s/socialite-deep-surplice-neck-flutter-sleeve-jumpsuit/6680556?origin=category-personalizedsort&breadcrumb=Home%2FClearance&color=001",
        "product_image_urls": "https://n.nordstrommedia.com/id/sr3/a2b41970-4f39-4d79-ad98-5082cf2a84ce.jpeg?h=365&w=240&dpr=2",
        "sales_price": "41.98 \u2013 74.99",
        "retail_price": "49.97"
    },
    {
        "brand": "Nordstrom Rack ",
        "product_name": "Sydney Water Resistant Genuine Shearling Scuff Slipper - Wide Width Available (Women)",
        "product_url": "https://www.nordstromrack.com/s/fireside-by-dearfoams-sydney-water-resistant-genuine-shearling-scuff-slipper-wide-width-available-women/5980474?origin=category-personalizedsort&breadcrumb=Home%2FClearance&color=237",
        "product_image_urls": "https://n.nordstrommedia.com/id/sr3/08fee1c6-c45b-414b-a1ab-d5d4af61745b.jpeg?h=365&w=240&dpr=2",
        "sales_price": "34.98 \u2013 39.98",
        "retail_price": "89.95"
    },
    {
        "brand": "Nordstrom Rack",
        "product_name": "Remy Lace Thong",
        "product_url": "https://www.nordstromrack.com/s/honeydew-remy-lace-thong/6551772?origin=category-personalizedsort&breadcrumb=Home%2FClearance&color=003",
        "product_image_urls": "https://n.nordstrommedia.com/id/sr3/02c76e74-1ec6-473a-aad7-3a1d2fd7db4c.jpeg?h=365&w=240&dpr=2",
        "sales_price": "44.97",
        "retail_price": "20"
    },
    {
        "brand": "Nordstrom Rack ",
        "product_name": "14K Yellow Gold Paperclip, Curb, & Snake Chain Necklace Set",
        "product_url": "https://www.nordstromrack.com/s/adornia-14k-yellow-gold-paperclip-curb-snake-chain-necklace-set/6767053?origin=category-personalizedsort&breadcrumb=Home%2FClearance&color=710",
        "product_image_urls": "https://n.nordstrommedia.com/id/sr3/bc9dc4b8-33c0-4d4d-9f6c-8f4b17260534.jpeg?h=365&w=240&dpr=2",
        "sales_price": "5.83 \u2013 8.97",
        "retail_price": "95"
    },
    {
        "brand": "Nordstrom Rack",
        "product_name": "Candance Convertible Belt Bag",
        "product_url": "https://www.nordstromrack.com/s/lesportsac-candance-convertible-belt-bag/6040524?origin=category-personalizedsort&breadcrumb=Home%2FClearance&color=267",
        "product_image_urls": "https://n.nordstrommedia.com/id/sr3/2be1017b-5eb6-476a-9e6b-1ac742250017.jpeg?h=365&w=240&dpr=2",
        "sales_price": "19.98",
        "retail_price": "80"
    },
    {
        "brand": "Nordstrom Rack ",
        "product_name": "Cap Sleeve Blouse (Regular & Petite)",
        "product_url": "https://www.nordstromrack.com/s/halogen-cap-sleeve-blouse-regular-petite/5099311?origin=category-personalizedsort&breadcrumb=Home%2FClearance&color=035",
        "product_image_urls": "https://n.nordstrommedia.com/id/sr3/abd1f19b-a16c-4cd3-8aed-1990c3acbfc6.jpeg?h=365&w=240&dpr=2",
        "sales_price": "27.98 \u2013 39.97",
        "retail_price": "49"
    },
    {
        "brand": "Nordstrom Rack",
        "product_name": "Textured Jersey Short Sleeve Wrap Midi Dress",
        "product_url": "https://www.nordstromrack.com/s/max-studio-textured-jersey-short-sleeve-wrap-midi-dress/6179918?origin=category-personalizedsort&breadcrumb=Home%2FClearance&color=402",
        "product_image_urls": "https://n.nordstrommedia.com/id/sr3/57f734e3-b25c-4016-aa1d-cbdbe76cab99.jpeg?h=365&w=240&dpr=2",
        "sales_price": "6.24",
        "retail_price": "138"
    },
    {
        "brand": "Nordstrom Rack ",
        "product_name": "Corrine Knit Flat (Women)",
        "product_url": "https://www.nordstromrack.com/s/mia-corrine-knit-flat-women/5842622?origin=category-personalizedsort&breadcrumb=Home%2FClearance&color=270",
        "product_image_urls": "https://n.nordstrommedia.com/id/sr3/c2cf0d2a-f719-46d8-846d-94a846890636.jpeg?h=365&w=240&dpr=2",
        "sales_price": "24.99",
        "retail_price": "39.97"
    },
    {
        "brand": "Nordstrom Rack",
        "product_name": "Between Us Suede Mule (Women)",
        "product_url": "https://www.nordstromrack.com/s/between-us-suede-mule-women/7089191?origin=category-personalizedsort&breadcrumb=Home%2FClearance&color=601",
        "product_image_urls": "https://n.nordstrommedia.com/id/sr3/73a1a482-fe9d-4f33-b682-b9c4c84c9329.jpeg?h=365&w=240&dpr=2",
        "sales_price": "23.98 \u2013 39.97",
        "retail_price": "64.99"
    },
    {
        "brand": "Nordstrom Rack ",
        "product_name": "Addison Baseball Cap",
        "product_url": "https://www.nordstromrack.com/s/addison-baseball-cap/6871987?origin=category-personalizedsort&breadcrumb=Home%2FClearance&color=428",
        "product_image_urls": "https://n.nordstrommedia.com/id/sr3/8f7763e7-9ccb-4968-8458-79524093880e.jpeg?h=365&w=240&dpr=2",
        "sales_price": "19.5",
        "retail_price": "95"
    },
    {
        "brand": "Nordstrom Rack ",
        "product_name": "with love stemless tasting flutes",
        "product_url": "https://www.nordstromrack.com/s/kate-spade-new-york-with-love-stemless-tasting-flutes/5521254?origin=category-personalizedsort&breadcrumb=Home%2FClearance&color=100",
        "product_image_urls": "https://n.nordstrommedia.com/id/sr3/7fa37e0b-fe15-47c2-8218-4b969fb99def.jpeg?h=365&w=240&dpr=2",
        "sales_price": "27.98 \u2013 39.97",
        "retail_price": "50"
    },
    {
        "brand": "Nordstrom Rack",
        "product_name": "Printed 3/4 Length Sleeve Fit & Flare Dress",
        "product_url": "https://www.nordstromrack.com/s/max-studio-printed-3-4-length-sleeve-fit-flare-dress/6047888?origin=category-personalizedsort&breadcrumb=Home%2FClearance&color=822",
        "product_image_urls": "https://n.nordstrommedia.com/id/sr3/cf06d54d-bed5-4e67-8c64-69ea6d758087.jpeg?h=365&w=240&dpr=2",
        "sales_price": "13.99",
        "retail_price": "98"
    },
    {
        "brand": "Nordstrom Rack",
        "product_name": "Lux Drawstring Joggers",
        "product_url": "https://www.nordstromrack.com/s/90-degree-by-reflex-lux-drawstring-joggers/6688392?origin=category-personalizedsort&breadcrumb=Home%2FClearance&color=031",
        "product_image_urls": "https://n.nordstrommedia.com/id/sr3/c2e83e60-62a7-462e-a6d9-b73422b2bdf7.jpeg?h=365&w=240&dpr=2",
        "sales_price": "24.99",
        "retail_price": "78"
    },
    {
        "brand": "Nordstrom Rack",
        "product_name": "Natalie Flat",
        "product_url": "https://www.nordstromrack.com/s/6877769?origin=category-personalizedsort&breadcrumb=Home%2FClearance&color=101",
        "product_image_urls": "https://n.nordstrommedia.com/id/sr3/8e6d368f-8efd-42bd-a4c7-323acdee17bc.jpeg?h=365&w=240&dpr=2",
        "sales_price": "18.73 \u2013 24.97",
        "retail_price": "129.95"
    },
    {
        "brand": "Nordstrom Rack",
        "product_name": "Lugo Chain Stretch Bootie (Women)",
        "product_url": "https://www.nordstromrack.com/s/lugo-chain-stretch-bootie-women/7126410?origin=category-personalizedsort&breadcrumb=Home%2FClearance&color=001",
        "product_image_urls": "https://n.nordstrommedia.com/id/sr3/b0901150-9b39-4c1c-bdf5-c586439a46c2.jpeg?h=365&w=240&dpr=2",
        "sales_price": "34.00 \u2013 84.99",
        "retail_price": "139"
    },
    {
        "brand": "Nordstrom Rack ",
        "product_name": "Adeah Ruched Bootie (Women)",
        "product_url": "https://www.nordstromrack.com/s/eurosoft-adeah-ruched-bootie-women/6758673?origin=category-personalizedsort&breadcrumb=Home%2FClearance&color=001",
        "product_image_urls": "https://n.nordstrommedia.com/id/sr3/f444c30d-2e6a-430c-bb7c-ffbf57708620.jpeg?h=365&w=240&dpr=2",
        "sales_price": "22.50 \u2013 30.00",
        "retail_price": "99"
    },
    {
        "brand": "Nordstrom Rack ",
        "product_name": "Small Square Zip Organizer",
        "product_url": "https://www.nordstromrack.com/s/small-square-zip-organizer/6997018?origin=category-personalizedsort&breadcrumb=Home%2FClearance&color=710",
        "product_image_urls": "https://n.nordstrommedia.com/id/sr3/2e578dbb-f101-48c9-95ea-2a327a7b4427.jpeg?h=365&w=240&dpr=2",
        "sales_price": "19.49 \u2013 32.48",
        "retail_price": "15"
    },
    {
        "brand": "Nordstrom Rack ",
        "product_name": "Sage Hoop Earrings",
        "product_url": "https://www.nordstromrack.com/s/7012718?origin=category-personalizedsort&breadcrumb=Home%2FClearance&color=710",
        "product_image_urls": "https://n.nordstrommedia.com/id/sr3/8d820b56-c3e4-4cb6-98e8-aef4c73fa4ae.jpeg?h=365&w=240&dpr=2",
        "sales_price": "6.75 \u2013 7.50",
        "retail_price": "68"
    },
    {
        "brand": "Nordstrom Rack",
        "product_name": "Sophie Criss Cross Plush Bedroom Slipper (Women)",
        "product_url": "https://www.nordstromrack.com/s/bp-bp-sophie-criss-cross-plush-bedroom-slipper-women/5361817?origin=category-personalizedsort&breadcrumb=Home%2FClearance&color=001",
        "product_image_urls": "https://n.nordstrommedia.com/id/sr3/3a4c8b22-9cb4-4de4-8fcb-2e8f93520757.jpeg?h=365&w=240&dpr=2",
        "sales_price": "19.97",
        "retail_price": "29.95"
    },
    {
        "brand": "Nordstrom Rack",
        "product_name": "High-Low Full Jacket",
        "product_url": "https://www.nordstromrack.com/s/90-degree-by-reflex-high-low-full-jacket/6835482?origin=category-personalizedsort&breadcrumb=Home%2FClearance&color=423",
        "product_image_urls": "https://n.nordstrommedia.com/id/sr3/d272bd1e-1744-4bbb-9ed9-596d2190b85d.jpeg?h=365&w=240&dpr=2",
        "sales_price": "9.73",
        "retail_price": "88"
    },
    {
        "brand": "Nordstrom Rack",
        "product_name": "Set of 2 CZ Stud Earrings - 0.5 ctw",
        "product_url": "https://www.nordstromrack.com/s/nordstrom-rack-set-of-2-cz-stud-earrings-0-5-ctw/6135986?origin=category-personalizedsort&breadcrumb=Home%2FClearance&color=710",
        "product_image_urls": "https://n.nordstrommedia.com/id/sr3/6fb05e96-bf65-49c9-a29f-da63b45363f5.jpeg?h=365&w=240&dpr=2",
        "sales_price": "22.38 \u2013 31.97",
        "retail_price": "12.97"
    },
    {
        "brand": "Nordstrom Rack ",
        "product_name": "Crew Neck Cashmere Sweater",
        "product_url": "https://www.nordstromrack.com/s/crew-neck-cashmere-sweater/7035551?origin=category-personalizedsort&breadcrumb=Home%2FClearance&color=001",
        "product_image_urls": "https://n.nordstrommedia.com/id/sr3/ed68c545-13a0-4a33-88db-5809dcd926bf.jpeg?h=365&w=240&dpr=2",
        "sales_price": "6.48",
        "retail_price": "215"
    },
    {
        "brand": "Nordstrom Rack",
        "product_name": "shampoo, shower gel & bubble bath (Limited Edition)",
        "product_url": "https://www.nordstromrack.com/s/philosophy-shampoo-shower-gel-bubble-bath-limited-edition/6530510?origin=category-personalizedsort&breadcrumb=Home%2FClearance&color=962",
        "product_image_urls": "https://n.nordstrommedia.com/id/sr3/024661b3-2bb9-479e-b6a6-0403833cbba4.jpeg?h=365&w=240&dpr=2",
        "sales_price": "49.99",
        "retail_price": "20"
    },
    {
        "brand": "Nordstrom Rack ",
        "product_name": "Let's Wander Washed Sneaker (Women)",
        "product_url": "https://www.nordstromrack.com/s/free-people-lets-wander-washed-sneaker-women/6957151?origin=category-personalizedsort&breadcrumb=Home%2FClearance&color=100",
        "product_image_urls": "https://n.nordstrommedia.com/id/sr3/1c8323af-36f1-42d6-9ffb-359a44d33dc4.jpeg?h=365&w=240&dpr=2",
        "sales_price": "9.73",
        "retail_price": "128"
    },
    {
        "brand": "Nordstrom Rack ",
        "product_name": "Square Neck Puff Sleeve Top",
        "product_url": "https://www.nordstromrack.com/s/astr-the-label-square-neck-puff-sleeve-top/5809534?origin=category-personalizedsort&breadcrumb=Home%2FClearance&color=102",
        "product_image_urls": "https://n.nordstrommedia.com/id/sr3/aabcc3bc-a9b2-4d13-b9a1-ec28fd03ae09.jpeg?h=365&w=240&dpr=2",
        "sales_price": "41.98 \u2013 59.97",
        "retail_price": "55"
    },
    {
        "brand": "Nordstrom Rack ",
        "product_name": "Open Front Pocket Long Cardigan",
        "product_url": "https://www.nordstromrack.com/s/open-front-pocket-long-cardigan/7048715?origin=category-personalizedsort&breadcrumb=Home%2FClearance&color=252",
        "product_image_urls": "https://n.nordstrommedia.com/id/sr3/1edcd9b5-4a8d-4d34-af34-baa823bf9805.jpeg?h=365&w=240&dpr=2",
        "sales_price": "19.97",
        "retail_price": "29.97"
    },
    {
        "brand": "Nordstrom Rack",
        "product_name": "Saltwater Water Resistant Duck Boot (Women)",
        "product_url": "https://www.nordstromrack.com/s/sperry-saltwater-water-resistant-duck-boot-women/6443642?origin=category-personalizedsort&breadcrumb=Home%2FClearance&color=310",
        "product_image_urls": "https://n.nordstrommedia.com/id/sr3/cf324584-ce8d-479b-8ec7-c43abd2781b6.jpeg?h=365&w=240&dpr=2",
        "sales_price": "19.48 \u2013 22.48",
        "retail_price": "89.97"
    },
    {
        "brand": "Nordstrom Rack",
        "product_name": "Boxy Cotton Logo Graphic Tee",
        "product_url": "https://www.nordstromrack.com/s/wrangler-boxy-cotton-logo-graphic-tee/7090300?origin=category-personalizedsort&breadcrumb=Home%2FClearance&color=468",
        "product_image_urls": "https://n.nordstrommedia.com/id/sr3/6fb45891-cafb-449b-b0b8-e10fb7359f38.jpeg?h=365&w=240&dpr=2",
        "sales_price": "34.99",
        "retail_price": "35"
    },
    {
        "brand": "Nordstrom Rack",
        "product_name": "Stripe V-Neck Tankini",
        "product_url": "https://www.nordstromrack.com/s/nike-stripe-v-neck-tankini/6572987?origin=category-personalizedsort&breadcrumb=Home%2FClearance&color=416",
        "product_image_urls": "https://n.nordstrommedia.com/id/sr3/9988f145-6178-40f4-8e91-d9a885ac817a.jpeg?h=365&w=240&dpr=2",
        "sales_price": "9.97",
        "retail_price": "54"
    },
    {
        "brand": "Nordstrom Rack",
        "product_name": "58mm Gradient Cat Eye Sunglasses",
        "product_url": "https://www.nordstromrack.com/s/fendi-58mm-gradient-cat-eye-sunglasses/5535819?origin=category-personalizedsort&breadcrumb=Home%2FClearance&color=200",
        "product_image_urls": "https://n.nordstrommedia.com/id/sr3/e708c453-01a3-4c45-887a-c7063c31b1ac.jpeg?h=365&w=240&dpr=2",
        "sales_price": "6.4",
        "retail_price": "325"
    },
    {
        "brand": "Nordstrom Rack",
        "product_name": "heritage dot silk blend bandana",
        "product_url": "https://www.nordstromrack.com/s/heritage-dot-silk-blend-bandana/7024676?origin=category-personalizedsort&breadcrumb=Home%2FClearance&color=415",
        "product_image_urls": "https://n.nordstrommedia.com/id/sr3/0399d6f7-e2e6-4786-ab60-78ee897879a8.jpeg?h=365&w=240&dpr=2",
        "sales_price": "95.98",
        "retail_price": "48"
    },
    {
        "brand": "Nordstrom Rack",
        "product_name": "Emilee Hoop Earrings",
        "product_url": "https://www.nordstromrack.com/s/sterling-forever-emilee-hoop-earrings/7193818?origin=category-personalizedsort&breadcrumb=Home%2FClearance&color=040",
        "product_image_urls": "https://n.nordstrommedia.com/id/sr3/d6d02baf-9af7-4db1-914d-62dd7e0a13e2.jpeg?h=365&w=240&dpr=2",
        "sales_price": "13.98",
        "retail_price": "72"
    },
    {
        "brand": "Nordstrom Rack",
        "product_name": "BP Lance Leather Block Heel Bootie (Women)",
        "product_url": "https://www.nordstromrack.com/s/bp-bp-lance-leather-block-heel-bootie-women/6050547?origin=category-personalizedsort&breadcrumb=Home%2FClearance&color=002",
        "product_image_urls": "https://n.nordstrommedia.com/id/sr3/e538996a-70a0-434a-803d-bdbd8c483b81.jpeg?h=365&w=240&dpr=2",
        "sales_price": "11.98 \u2013 14.98",
        "retail_price": "89.95"
    },
    {
        "brand": "Nordstrom Rack ",
        "product_name": "Livi Platform Slide Sandal (Women)",
        "product_url": "https://www.nordstromrack.com/s/sam-edelman-livi-platform-slide-sandal-women/5877949?origin=category-personalizedsort&breadcrumb=Home%2FClearance&color=200",
        "product_image_urls": "https://n.nordstrommedia.com/id/sr3/e066fd9f-2d06-4ad1-8064-a65724b1794c.jpeg?h=365&w=240&dpr=2",
        "sales_price": "32.48 \u2013 34.98",
        "retail_price": "140.00 \u2013 150.00"
    },
    {
        "brand": "Nordstrom Rack ",
        "product_name": "Knit Organic Cotton Crop Camisole",
        "product_url": "https://www.nordstromrack.com/s/bp-bp-knit-organic-cotton-crop-camisole/6443816?origin=category-personalizedsort&breadcrumb=Home%2FClearance&color=211",
        "product_image_urls": "https://n.nordstrommedia.com/id/sr3/ffdd52da-7e02-4ffc-8bcc-d744e40bb7b8.jpeg?h=365&w=240&dpr=2",
        "sales_price": "48.98 \u2013 69.97",
        "retail_price": "12"
    },
    {
        "brand": "Nordstrom Rack ",
        "product_name": "Logo Patch Scarf",
        "product_url": "https://www.nordstromrack.com/s/givenchy-logo-patch-scarf/6630988?origin=category-personalizedsort&breadcrumb=Home%2FClearance&color=600",
        "product_image_urls": "https://n.nordstrommedia.com/id/sr3/8e635b8f-7614-425c-8975-e7921cd5d620.jpeg?h=365&w=240&dpr=2",
        "sales_price": "4.97",
        "retail_price": "410"
    },
    {
        "brand": "Nordstrom Rack",
        "product_name": "Stretch Cotton Chino Pants",
        "product_url": "https://www.nordstromrack.com/s/caslon-stretch-cotton-chino-pants/6486557?origin=category-personalizedsort&breadcrumb=Home%2FClearance&color=100",
        "product_image_urls": "https://n.nordstrommedia.com/id/sr3/1dc4918e-aaad-401c-b606-1014b86aed9e.jpeg?h=365&w=240&dpr=2",
        "sales_price": "126",
        "retail_price": "49"
    },
    {
        "brand": "Nordstrom Rack",
        "product_name": "Powerblend Joggers",
        "product_url": "https://www.nordstromrack.com/s/champion-powerblend-joggers/6772729?origin=category-personalizedsort&breadcrumb=Home%2FClearance&color=001",
        "product_image_urls": "https://n.nordstrommedia.com/id/sr3/b892fc86-f92f-455c-b29e-ff8f6581610b.jpeg?h=365&w=240&dpr=2",
        "sales_price": "19.97",
        "retail_price": "50"
    },
    {
        "brand": "Nordstrom Rack ",
        "product_name": "Wide Leg Crepe Jumpsuit",
        "product_url": "https://www.nordstromrack.com/s/max-studio-wide-leg-crepe-jumpsuit/6065370?origin=category-personalizedsort&breadcrumb=Home%2FClearance&color=830",
        "product_image_urls": "https://n.nordstrommedia.com/id/sr3/dbdde306-3169-4e00-bef9-e927fe66d72d.jpeg?h=365&w=240&dpr=2",
        "sales_price": "24.68 \u2013 37.97",
        "retail_price": "118"
    },
    {
        "brand": "Nordstrom Rack ",
        "product_name": "GEL-Cumulus 23 Running Shoe (Women)",
        "product_url": "https://www.nordstromrack.com/s/asics-gel-cumulus-23-running-shoe-women/5766173?origin=category-personalizedsort&breadcrumb=Home%2FClearance&color=400",
        "product_image_urls": "https://n.nordstrommedia.com/id/sr3/7fe73ba0-6797-4242-bbb3-ebab23d9f3ad.jpeg?h=365&w=240&dpr=2",
        "sales_price": "19.99 \u2013 34.97",
        "retail_price": "120"
    },
    {
        "brand": "Nordstrom Rack ",
        "product_name": "Tranquility Long Sleeve Shirt & Pants Two-Piece Pajama Set",
        "product_url": "https://www.nordstromrack.com/s/nordstrom-rack-tranquility-long-sleeve-shirt-pants-two-piece-pajama-set/6156150?origin=category-personalizedsort&breadcrumb=Home%2FClearance&color=611",
        "product_image_urls": "https://n.nordstrommedia.com/id/sr3/fb0aaaa1-677e-4463-9f8b-56fb66b3a315.jpeg?h=365&w=240&dpr=2",
        "sales_price": "31.49 \u2013 79.97",
        "retail_price": "34.97"
    },
    {
        "brand": "Nordstrom Rack",
        "product_name": "Nico Mid Rise Ankle Skinny Jeans (Inked Pitch)",
        "product_url": "https://www.nordstromrack.com/s/hudson-jeans-nico-mid-rise-ankle-skinny-jeans-inked-pitch/5708380?origin=category-personalizedsort&breadcrumb=Home%2FClearance&color=001",
        "product_image_urls": "https://n.nordstrommedia.com/id/sr3/c9e49382-313c-4078-9e3a-d1acedb1209f.jpeg?h=365&w=240&dpr=2",
        "sales_price": "27.98 \u2013 34.97",
        "retail_price": "195"
    },
    {
        "brand": "Nordstrom Rack ",
        "product_name": "Floral Print Balloon Sleeve Midi Dress",
        "product_url": "https://www.nordstromrack.com/s/max-studio-floral-print-balloon-sleeve-midi-dress/7038295?origin=category-personalizedsort&breadcrumb=Home%2FClearance&color=605",
        "product_image_urls": "https://n.nordstrommedia.com/id/sr3/1588aa5e-adad-4b34-91b8-c13ec846b69a.jpeg?h=365&w=240&dpr=2",
        "sales_price": "79.97",
        "retail_price": "168"
    },
    {
        "brand": "Nordstrom Rack ",
        "product_name": "Puff Sleeve Midi Dress",
        "product_url": "https://www.nordstromrack.com/s/maggy-london-puff-sleeve-midi-dress/7176624?origin=category-personalizedsort&breadcrumb=Home%2FClearance&color=400",
        "product_image_urls": "https://n.nordstrommedia.com/id/sr3/63baa866-4751-467d-9a08-f0fbe979e0b9.jpeg?h=365&w=240&dpr=2",
        "sales_price": "19.98 \u2013 39.97",
        "retail_price": "128"
    },
    {
        "brand": "Nordstrom Rack ",
        "product_name": "Salete Leather Sandal (Women)",
        "product_url": "https://www.nordstromrack.com/s/vince-camuto-salete-leather-sandal-women/6748562?origin=category-personalizedsort&breadcrumb=Home%2FClearance&color=900",
        "product_image_urls": "https://n.nordstrommedia.com/id/sr3/53d84516-aa0e-48c1-a623-fe67f577ecbe.jpeg?h=365&w=240&dpr=2",
        "sales_price": "27.48 \u2013 49.97",
        "retail_price": "99"
    },
    {
        "brand": "Nordstrom Rack ",
        "product_name": "Duval Mule (Women)",
        "product_url": "https://www.nordstromrack.com/s/franco-sarto-duval-mule-women/6873765?origin=category-personalizedsort&breadcrumb=Home%2FClearance&color=200",
        "product_image_urls": "https://n.nordstrommedia.com/id/sr3/7aeb09c6-ae21-4c43-8201-8b16efd0d69d.jpeg?h=365&w=240&dpr=2",
        "sales_price": "27.98 \u2013 39.97",
        "retail_price": "120"
    },
    {
        "brand": "Nordstrom Rack",
        "product_name": "Seamless Crossback Bralette",
        "product_url": "https://www.nordstromrack.com/s/z-by-zella-seamless-crossback-bralette/6033354?origin=category-personalizedsort&breadcrumb=Home%2FClearance&color=680",
        "product_image_urls": "https://n.nordstrommedia.com/id/sr3/1c124ab2-e29a-47c2-bfc6-7127dbbf852e.jpeg?h=365&w=240&dpr=2",
        "sales_price": "39.98 \u2013 49.97",
        "retail_price": "14.97"
    },
    {
        "brand": "Nordstrom Rack",
        "product_name": "Funnel Neck Sweater",
        "product_url": "https://www.nordstromrack.com/s/topshop-funnel-neck-sweater/6594754?origin=category-personalizedsort&breadcrumb=Home%2FClearance&color=020",
        "product_image_urls": "https://n.nordstrommedia.com/id/sr3/053b0693-3f4b-4f00-be58-03f7cf9dbcde.jpeg?h=365&w=240&dpr=2",
        "sales_price": "9.73 \u2013 14.97",
        "retail_price": "39.97"
    },
    {
        "brand": "Nordstrom Rack",
        "product_name": "Ride Along Ruched Crop Tank",
        "product_url": "https://www.nordstromrack.com/s/free-people-ride-along-ruched-crop-tank/7045874?origin=category-personalizedsort&breadcrumb=Home%2FClearance&color=001",
        "product_image_urls": "https://n.nordstrommedia.com/id/sr3/874cc996-ab72-44fd-b5e5-9025be9dcdf2.jpeg?h=365&w=240&dpr=2",
        "sales_price": "29.98 \u2013 31.98",
        "retail_price": "78"
    },
    {
        "brand": "Nordstrom Rack",
        "product_name": "BareMinerals Mini Skin Calming Duo",
        "product_url": "https://www.nordstromrack.com/s/bareminerals-mini-skin-calming-duo/6997925?origin=category-personalizedsort&breadcrumb=Home%2FClearance&color=000",
        "product_image_urls": "https://n.nordstrommedia.com/id/sr3/e467260a-8602-4bee-a315-62210ddb8b67.jpeg?h=365&w=240&dpr=2",
        "sales_price": "9.24 \u2013 24.03",
        "retail_price": "14"
    },
    {
        "brand": "Nordstrom Rack",
        "product_name": "Flori Pointed Toe Pump (Women)",
        "product_url": "https://www.nordstromrack.com/s/flori-pointed-toe-pump-women/7012200?origin=category-personalizedsort&breadcrumb=Home%2FClearance&color=250",
        "product_image_urls": "https://n.nordstrommedia.com/id/sr3/83c71309-de7e-4ccd-aadd-6189ea7631ac.jpeg?h=365&w=240&dpr=2",
        "sales_price": "7.48",
        "retail_price": "99"
    },
    {
        "brand": "Nordstrom Rack",
        "product_name": "Geometric Floral Print Smocked Waist Dress",
        "product_url": "https://www.nordstromrack.com/s/max-studio-geometric-floral-print-smocked-waist-dress/7038286?origin=category-personalizedsort&breadcrumb=Home%2FClearance&color=805",
        "product_image_urls": "https://n.nordstrommedia.com/id/sr3/4d55a4f6-bc66-4c66-868f-9cef92dd0cec.jpeg?h=365&w=240&dpr=2",
        "sales_price": "32.48 \u2013 49.97",
        "retail_price": "168"
    },
    {
        "brand": "Nordstrom Rack ",
        "product_name": "Estelle Synthetic Bootie (Women)",
        "product_url": "https://www.nordstromrack.com/s/me-too-estelle-synthetic-bootie-women/7206816?origin=category-personalizedsort&breadcrumb=Home%2FClearance&color=001",
        "product_image_urls": "https://n.nordstrommedia.com/id/sr3/5add8ce4-8649-48e0-a1f6-3292694ac164.jpeg?h=365&w=240&dpr=2",
        "sales_price": "15.99 \u2013 39.97",
        "retail_price": "79.95"
    },
    {
        "brand": "Nordstrom Rack",
        "product_name": "Gathered Cocktail Dress",
        "product_url": "https://www.nordstromrack.com/s/eliza-j-gathered-cocktail-dress/5789852?origin=category-personalizedsort&breadcrumb=Home%2FClearance&color=410",
        "product_image_urls": "https://n.nordstrommedia.com/id/sr3/e7bc8ee3-946e-4d14-86f2-7129696adced.jpeg?h=365&w=240&dpr=2",
        "sales_price": "22.00 \u2013 43.99",
        "retail_price": "138"
    },
    {
        "brand": "Nordstrom Rack",
        "product_name": "Georgy Pointed Block Heel (Women)",
        "product_url": "https://www.nordstromrack.com/s/georgy-pointed-block-heel-women/7166134?origin=category-personalizedsort&breadcrumb=Home%2FClearance&color=900",
        "product_image_urls": "https://n.nordstrommedia.com/id/sr3/c3f15003-86df-4338-9295-5bceb20057a3.jpeg?h=365&w=240&dpr=2",
        "sales_price": "48.98",
        "retail_price": "79"
    },
    {
        "brand": "Nordstrom Rack",
        "product_name": "SARTO by Franco Sarto Sherry Half d'Orsay Pump (Women)",
        "product_url": "https://www.nordstromrack.com/s/sarto-by-franco-sarto-sherry-half-dorsay-pump-women/6657114?origin=category-personalizedsort&breadcrumb=Home%2FClearance&color=500",
        "product_image_urls": "https://n.nordstrommedia.com/id/sr3/b26a2b76-2766-47e1-8c36-fc1c67d74728.jpeg?h=365&w=240&dpr=2",
        "sales_price": "34.99 \u2013 44.99",
        "retail_price": "69.97 \u2013 150.00"
    },
    {
        "brand": "Nordstrom Rack ",
        "product_name": "Confetti Low Rise Thongs - Pack of 3",
        "product_url": "https://www.nordstromrack.com/s/hanky-panky-confetti-low-rise-thongs-pack-of-3/6553485?origin=category-personalizedsort&breadcrumb=Home%2FClearance&color=450",
        "product_image_urls": "https://n.nordstrommedia.com/id/sr3/138f1232-8810-4bd4-b2ff-607c5307fcf2.jpeg?h=365&w=240&dpr=2",
        "sales_price": "19.99 \u2013 69.97",
        "retail_price": "66"
    },
    {
        "brand": "Nordstrom Rack",
        "product_name": "Tab Sleeve Button-Down Midi Dress",
        "product_url": "https://www.nordstromrack.com/s/max-studio-tab-sleeve-button-down-midi-dress/7038290?origin=category-personalizedsort&breadcrumb=Home%2FClearance&color=001",
        "product_image_urls": "https://n.nordstrommedia.com/id/sr3/69a254aa-c5e3-46ab-84e2-017d3619a0cd.jpeg?h=365&w=240&dpr=2",
        "sales_price": "24.74 \u2013 29.24",
        "retail_price": "148"
    },
    {
        "brand": "Nordstrom Rack ",
        "product_name": "Lana Chelsea Boot (Women)",
        "product_url": "https://www.nordstromrack.com/s/b-o-c-by-born-lana-chelsea-boot-women/6721958?origin=category-personalizedsort&breadcrumb=Home%2FClearance&color=200",
        "product_image_urls": "https://n.nordstrommedia.com/id/sr3/cfdb64d3-c58b-415c-9519-0446bc2b1857.jpeg?h=365&w=240&dpr=2",
        "sales_price": "29.98 \u2013 39.97",
        "retail_price": "95"
    },
    {
        "brand": "Nordstrom Rack",
        "product_name": "Tie Waist Jumpsuit",
        "product_url": "https://www.nordstromrack.com/s/maisie-tie-waist-jumpsuit/7125409?origin=category-personalizedsort&breadcrumb=Home%2FClearance&color=602",
        "product_image_urls": "https://n.nordstrommedia.com/id/sr3/dc2a2eeb-b298-4fc9-9bd9-5dcb5076f1af.jpeg?h=365&w=240&dpr=2",
        "sales_price": "38.98",
        "retail_price": "88"
    },
    {
        "brand": "Nordstrom Rack",
        "product_name": "53mm Cat Eye Sunglasses",
        "product_url": "https://www.nordstromrack.com/s/53mm-cat-eye-sunglasses/7020494?origin=category-personalizedsort&breadcrumb=Home%2FClearance&color=012",
        "product_image_urls": "https://n.nordstrommedia.com/id/sr3/fbb219cf-9945-47ee-9460-02bfa26f7e6a.jpeg?h=365&w=240&dpr=2",
        "sales_price": "17.50 \u2013 37.49",
        "retail_price": "95"
    },
    {
        "brand": "Nordstrom Rack",
        "product_name": "Ruched Detail Organic Cotton Blend Top",
        "product_url": "https://www.nordstromrack.com/s/treasure-and-bond-ruched-detail-organic-cotton-blend-top/6652699?origin=category-personalizedsort&breadcrumb=Home%2FClearance&color=210",
        "product_image_urls": "https://n.nordstrommedia.com/id/sr3/ea46abc9-96fb-46ad-9ab1-d84f2bbc6180.jpeg?h=365&w=240&dpr=2",
        "sales_price": "19.98 \u2013 29.98",
        "retail_price": "29"
    },
    {
        "brand": "Nordstrom Rack ",
        "product_name": "Cutout Shoulder Turtleneck Sweater",
        "product_url": "https://www.nordstromrack.com/s/1state-1-state-cutout-shoulder-turtleneck-sweater/5727530?origin=category-personalizedsort&breadcrumb=Home%2FClearance&color=230",
        "product_image_urls": "https://n.nordstrommedia.com/id/sr3/8be59cba-5d16-4a7f-a4db-38664897bd95.jpeg?h=365&w=240&dpr=2",
        "sales_price": "11.97",
        "retail_price": "79"
    },
    {
        "brand": "Nordstrom Rack",
        "product_name": "Polarflex Fleece Lined Leggings",
        "product_url": "https://www.nordstromrack.com/s/90-degree-by-reflex-polarflex-fleece-lined-leggings/5984176?origin=category-personalizedsort&breadcrumb=Home%2FClearance&color=356",
        "product_image_urls": "https://n.nordstrommedia.com/id/sr3/90a241a0-cbfb-4978-998b-5152d7b5a93c.jpeg?h=365&w=240&dpr=2",
        "sales_price": "11.97 \u2013 31.97",
        "retail_price": "78"
    },
    {
        "brand": "Nordstrom Rack",
        "product_name": "Cashmere Gloves",
        "product_url": "https://www.nordstromrack.com/s/nordstrom-rack-cashmere-gloves/6167318?origin=category-personalizedsort&breadcrumb=Home%2FClearance&color=030",
        "product_image_urls": "https://n.nordstrommedia.com/id/sr3/863cc314-6d85-4861-a997-cf009b9a2a7f.jpeg?h=365&w=240&dpr=2",
        "sales_price": "16.78 \u2013 24.97",
        "retail_price": "29.97"
    },
    {
        "brand": "",
        "product_name": "Hope Ankle Boot (Women)",
        "product_url": "https://www.nordstromrack.com/s/zodiac-hope-ankle-boot-women/7008379?origin=category-personalizedsort&breadcrumb=Home%2FClearance&color=001",
        "product_image_urls": "https://n.nordstrommedia.com/id/sr3/9f739b3f-76d5-46c9-8ff1-86e79a7a0dcc.jpeg?h=365&w=240&dpr=2",
        "sales_price": "17.98 \u2013 19.99",
        "retail_price": "129"
    },
    {
        "brand": "",
        "product_name": "Pleated Chiffon Sleeve Sheath Dress",
        "product_url": "https://www.nordstromrack.com/s/calvin-klein-pleated-chiffon-sleeve-sheath-dress/7194455?origin=category-personalizedsort&breadcrumb=Home%2FClearance&color=001",
        "product_image_urls": "https://n.nordstrommedia.com/id/sr3/fd3226f6-d68c-4804-bc63-3f951970f422.jpeg?h=365&w=240&dpr=2",
        "sales_price": "24.99 \u2013 47.98",
        "retail_price": "89.98"
    },
    {
        "brand": "",
        "product_name": "Soxton Harness Bootie (Women)",
        "product_url": "https://www.nordstromrack.com/s/lucky-brand-soxton-harness-bootie-women/7026665?origin=category-personalizedsort&breadcrumb=Home%2FClearance&color=060",
        "product_image_urls": "https://n.nordstrommedia.com/id/sr3/9edb437a-8b7f-42d4-b577-d25b473a613a.jpeg?h=365&w=240&dpr=2",
        "sales_price": "29.99 \u2013 49.99",
        "retail_price": "159"
    },
    {
        "brand": "",
        "product_name": "Evolet Flip Flop (Women)",
        "product_url": "https://www.nordstromrack.com/s/vince-camuto-evolet-flip-flop-women/5885669?origin=category-personalizedsort&breadcrumb=Home%2FClearance&color=720",
        "product_image_urls": "https://n.nordstrommedia.com/id/sr3/f1002e3d-1bf8-4746-9219-5218268e4fbf.jpeg?h=365&w=240&dpr=2",
        "sales_price": "41.98 \u2013 55.98",
        "retail_price": "59.00 \u2013 59.95"
    }
]