[
    {
        "brand": "Urban Outfitters",
        "Product name": "Urban Renewal Vintage Solid Oversized Pullover Sweater",
        "product_url": "https://www.urbanoutfitters.com/shop/urban-renewal-vintage-solid-oversized-pullover-sweater?category=sale&color=041",
        "product_image_urls": "https://images.urbndata.com/is/image/UrbanOutfitters/78615994_041_b?$medium$&qlt=80&fit=constrain",
        "sales_price": "14.99",
        "retail_price": "39"
    },
    {
        "brand": "Urban Outfitters",
        "Product name": "Levi\u2019s\u00ae 501 Mid-Thigh Classic Denim Short",
        "product_url": "https://www.urbanoutfitters.com/shop/levis-501-mid-thigh-classic-denim-short?category=sale&color=092",
        "product_image_urls": "https://images.urbndata.com/is/image/UrbanOutfitters/79334090_092_b?$medium$&qlt=80&fit=constrain",
        "sales_price": "39.99",
        "retail_price": "69"
    },
    {
        "brand": "Urban Outfitters",
        "Product name": "UO Tabatha Allover Lace Babydoll Cami",
        "product_url": "https://www.urbanoutfitters.com/shop/uo-tabatha-allover-lace-babydoll-cami?category=sale&color=001",
        "product_image_urls": "https://images.urbndata.com/is/image/UrbanOutfitters/79249827_001_b?$medium$&qlt=80&fit=constrain",
        "sales_price": "19.99",
        "retail_price": "39"
    },
    {
        "brand": "Urban Outfitters",
        "Product name": "Out From Under Hailey Seamless Bra Top",
        "product_url": "https://www.urbanoutfitters.com/shop/out-from-under-hailey-seamless-bra-top3?category=sale&color=044",
        "product_image_urls": "https://images.urbndata.com/is/image/UrbanOutfitters/49512668_044_b?$medium$&qlt=80&fit=constrain",
        "sales_price": "4.95 \u2013 14.99",
        "retail_price": "25"
    },
    {
        "brand": "Urban Outfitters",
        "Product name": "Out From Under Modern Love Lace Corset",
        "product_url": "https://www.urbanoutfitters.com/shop/out-from-under-modern-love-lace-corset3?category=sale&color=041",
        "product_image_urls": "https://images.urbndata.com/is/image/UrbanOutfitters/57537995_041_b?$medium$&qlt=80&fit=constrain",
        "sales_price": "29.99",
        "retail_price": "59"
    },
    {
        "brand": "Urban Outfitters",
        "Product name": "GEORGE GINA & LUCY Boxery Crossbody Bag",
        "product_url": "https://www.urbanoutfitters.com/shop/george-gina-and-lucy-boxery-crossbody-bag?category=sale&color=030",
        "product_image_urls": "https://images.urbndata.com/is/image/UrbanOutfitters/78182946_030_b?$medium$&qlt=80&fit=constrain",
        "sales_price": "84.99",
        "retail_price": "121"
    },
    {
        "brand": "Urban Outfitters",
        "Product name": "Standard Cloth Suiting Trouser Pant",
        "product_url": "https://www.urbanoutfitters.com/shop/standard-cloth-suiting-trouser-pant2?category=sale&color=001",
        "product_image_urls": "https://images.urbndata.com/is/image/UrbanOutfitters/79982302_001_b?$medium$&qlt=80&fit=constrain",
        "sales_price": "34.99",
        "retail_price": "69"
    },
    {
        "brand": "Urban Outfitters",
        "Product name": "GEORGE GINA & LUCY Anniehow Good Tote Bag",
        "product_url": "https://www.urbanoutfitters.com/shop/george-gina-and-lucy-anniehow-good-tote-bag?category=sale&color=038",
        "product_image_urls": "https://images.urbndata.com/is/image/UrbanOutfitters/78183118_038_b?$medium$&qlt=80&fit=constrain",
        "sales_price": "119.99",
        "retail_price": "170"
    },
    {
        "brand": "Urban Outfitters",
        "Product name": "UO Mallory Cowl Midi Slip Dress",
        "product_url": "https://www.urbanoutfitters.com/shop/uo-mallory-cowl-midi-slip-dress?category=sale&color=049",
        "product_image_urls": "https://images.urbndata.com/is/image/UrbanOutfitters/62752480_049_b?$medium$&qlt=80&fit=constrain",
        "sales_price": "19.95 \u2013 39.99",
        "retail_price": "79"
    },
    {
        "brand": "Urban Outfitters",
        "Product name": "UO Heart Window iPhone Case",
        "product_url": "https://www.urbanoutfitters.com/shop/uo-heart-window-iphone-case?category=sale&color=807",
        "product_image_urls": "https://images.urbndata.com/is/image/UrbanOutfitters/70264155_807_b?$medium$&qlt=80&fit=constrain",
        "sales_price": "9.99",
        "retail_price": "20"
    },
    {
        "brand": "Urban Outfitters",
        "Product name": "GEORGE GINA & LUCY Bigster Tote Bag",
        "product_url": "https://www.urbanoutfitters.com/shop/george-gina-and-lucy-bigster-tote-bag?category=sale&color=001",
        "product_image_urls": "https://images.urbndata.com/is/image/UrbanOutfitters/78182995_001_b?$medium$&qlt=80&fit=constrain",
        "sales_price": "129.99",
        "retail_price": "182"
    },
    {
        "brand": "Urban Outfitters",
        "Product name": "adidas Velour Monogram Track Pant",
        "product_url": "https://www.urbanoutfitters.com/shop/adidas-velour-monogram-track-pant?category=sale&color=040",
        "product_image_urls": "https://images.urbndata.com/is/image/UrbanOutfitters/69354223_040_b?$medium$&qlt=80&fit=constrain",
        "sales_price": "44.99",
        "retail_price": "90"
    },
    {
        "brand": "Urban Outfitters",
        "Product name": "adidas Big Baffle Puffer Jacket",
        "product_url": "https://www.urbanoutfitters.com/shop/adidas-big-baffle-puffer-jacket?category=sale&color=001",
        "product_image_urls": "https://images.urbndata.com/is/image/UrbanOutfitters/68686740_001_b?$medium$&qlt=80&fit=constrain",
        "sales_price": "119.99",
        "retail_price": "230"
    },
    {
        "brand": "Urban Outfitters",
        "Product name": "adidas Velvet Flare Pant",
        "product_url": "https://www.urbanoutfitters.com/shop/adidas-velvet-flare-pant?category=sale&color=030",
        "product_image_urls": "https://images.urbndata.com/is/image/UrbanOutfitters/69354272_030_b?$medium$&qlt=80&fit=constrain",
        "sales_price": "29.99",
        "retail_price": "55"
    },
    {
        "brand": "Urban Outfitters",
        "Product name": "Pendleton Alpine Wool Zip-Up Cardigan",
        "product_url": "https://www.urbanoutfitters.com/shop/pendleton-alpine-wool-zip-up-cardigan?category=sale&color=060",
        "product_image_urls": "https://images.urbndata.com/is/image/UrbanOutfitters/68533298_060_b?$medium$&qlt=80&fit=constrain",
        "sales_price": "139.99",
        "retail_price": "269"
    },
    {
        "brand": "Urban Outfitters",
        "Product name": "True Religion Western Shirt",
        "product_url": "https://www.urbanoutfitters.com/shop/true-religion-western-shirt?category=sale&color=049",
        "product_image_urls": "https://images.urbndata.com/is/image/UrbanOutfitters/78079530_049_b?$medium$&qlt=80&fit=constrain",
        "sales_price": "49.99",
        "retail_price": "99"
    },
    {
        "brand": "Urban Outfitters",
        "Product name": "Kontur Tetra Pencil Case",
        "product_url": "https://www.urbanoutfitters.com/shop/kontur-tetra-pencil-case?category=sale&color=040",
        "product_image_urls": "https://images.urbndata.com/is/image/UrbanOutfitters/80644305_040_b?$medium$&qlt=80&fit=constrain",
        "sales_price": "9.99",
        "retail_price": "17"
    },
    {
        "brand": "Urban Outfitters",
        "Product name": "Lavender Stardust Shimmer Glitter",
        "product_url": "https://www.urbanoutfitters.com/shop/lavender-stardust-shimmer-glitter?category=sale&color=028",
        "product_image_urls": "https://images.urbndata.com/is/image/UrbanOutfitters/67962480_028_b?$medium$&qlt=80&fit=constrain",
        "sales_price": "4.99",
        "retail_price": "10"
    },
    {
        "brand": "Urban Outfitters",
        "Product name": "ULTRA GAME New York Knicks Big City Boxy Fit Tee",
        "product_url": "https://www.urbanoutfitters.com/shop/ultra-game-new-york-knicks-big-city-boxy-fit-tee?category=sale&color=040",
        "product_image_urls": "https://images.urbndata.com/is/image/UrbanOutfitters/79386942_040_b?$medium$&qlt=80&fit=constrain",
        "sales_price": "19.99",
        "retail_price": "39"
    },
    {
        "brand": "Urban Outfitters",
        "Product name": "Standard Cloth Dropped Sweatpant",
        "product_url": "https://www.urbanoutfitters.com/shop/standard-cloth-dropped-sweatpant?category=sale&color=004",
        "product_image_urls": "https://images.urbndata.com/is/image/UrbanOutfitters/79947073_004_b?$medium$&qlt=80&fit=constrain",
        "sales_price": "29.99",
        "retail_price": "59"
    },
    {
        "brand": "Urban Outfitters",
        "Product name": "New Era Chicago Cubs Tee",
        "product_url": "https://www.urbanoutfitters.com/shop/new-era-chicago-cubs-tee2?category=sale&color=040",
        "product_image_urls": "https://images.urbndata.com/is/image/UrbanOutfitters/64899719_040_b?$medium$&qlt=80&fit=constrain",
        "sales_price": "35",
        "retail_price": "55"
    },
    {
        "brand": "Urban Outfitters",
        "Product name": "Out From Under Hero Cutout Singlet Romper",
        "product_url": "https://www.urbanoutfitters.com/shop/out-from-under-hero-cutout-singlet-romper?category=sale&color=230",
        "product_image_urls": "https://images.urbndata.com/is/image/UrbanOutfitters/80466113_230_b?$medium$&qlt=80&fit=constrain",
        "sales_price": "29.99",
        "retail_price": "378"
    },
    {
        "brand": "Urban Outfitters",
        "Product name": "Save The Duck Isabel Longline Puffer Jacket",
        "product_url": "https://www.urbanoutfitters.com/shop/save-the-duck-isabel-longline-puffer-jacket2?category=sale&color=032",
        "product_image_urls": "https://images.urbndata.com/is/image/UrbanOutfitters/68603810_032_b?$medium$&qlt=80&fit=constrain",
        "sales_price": "189.99",
        "retail_price": "22"
    },
    {
        "brand": "Urban Outfitters",
        "Product name": "New Balance Waffle Knit Beanie",
        "product_url": "https://www.urbanoutfitters.com/shop/new-balance-waffle-knit-beanie?category=sale&color=010",
        "product_image_urls": "https://images.urbndata.com/is/image/UrbanOutfitters/68303676_010_b?$medium$&qlt=80&fit=constrain",
        "sales_price": "14.99",
        "retail_price": "139"
    },
    {
        "brand": "Urban Outfitters",
        "Product name": "UO Y2K Convertible Puffer Jacket",
        "product_url": "https://www.urbanoutfitters.com/shop/uo-y2k-convertible-puffer-jacket?category=sale&color=036",
        "product_image_urls": "https://images.urbndata.com/is/image/UrbanOutfitters/79598629_036_b?$medium$&qlt=80&fit=constrain",
        "sales_price": "69.99",
        "retail_price": "12"
    },
    {
        "brand": "Urban Outfitters",
        "Product name": "UO Two-Tone Double Instax Desk Frame",
        "product_url": "https://www.urbanoutfitters.com/shop/uo-two-tone-double-instax-desk-frame?category=sale&color=095",
        "product_image_urls": "https://images.urbndata.com/is/image/UrbanOutfitters/68752047_095_b?$medium$&qlt=80&fit=constrain",
        "sales_price": "7.99",
        "retail_price": "79"
    },
    {
        "brand": "Urban Outfitters",
        "Product name": "Out From Under Rochelle Singlet Jumpsuit",
        "product_url": "https://www.urbanoutfitters.com/shop/out-from-under-rochelle-singlet-jumpsuit?category=sale&color=001",
        "product_image_urls": "https://images.urbndata.com/is/image/UrbanOutfitters/80154727_001_b?$medium$&qlt=80&fit=constrain",
        "sales_price": "39.99",
        "retail_price": "146"
    },
    {
        "brand": "Urban Outfitters",
        "Product name": "Mikoh Kaloko 2 Triangle Bikini Top",
        "product_url": "https://www.urbanoutfitters.com/shop/mikoh-kaloko-2-triangle-bikini-top2?category=sale&color=040",
        "product_image_urls": "https://images.urbndata.com/is/image/UrbanOutfitters/79486437_040_b?$medium$&qlt=80&fit=constrain",
        "sales_price": "59.99",
        "retail_price": "269"
    },
    {
        "brand": "Urban Outfitters",
        "Product name": "Pendleton Wildwood Stripe Shirt Jacket",
        "product_url": "https://www.urbanoutfitters.com/shop/pendleton-wildwood-stripe-shirt-jacket?category=sale&color=016",
        "product_image_urls": "https://images.urbndata.com/is/image/UrbanOutfitters/68533348_016_b?$medium$&qlt=80&fit=constrain",
        "sales_price": "139.99",
        "retail_price": "99"
    },
    {
        "brand": "Urban Outfitters",
        "Product name": "BDG Multi Pocket Shirt Jacket",
        "product_url": "https://www.urbanoutfitters.com/shop/bdg-multi-pocket-shirt-jacket?category=sale&color=044",
        "product_image_urls": "https://images.urbndata.com/is/image/UrbanOutfitters/79941670_044_b?$medium$&qlt=80&fit=constrain",
        "sales_price": "49.99",
        "retail_price": "40"
    },
    {
        "brand": "Urban Outfitters",
        "Product name": "adidas Germany DNA Tee",
        "product_url": "https://www.urbanoutfitters.com/shop/adidas-germany-dna-tee?category=sale&color=010",
        "product_image_urls": "https://images.urbndata.com/is/image/UrbanOutfitters/69138287_010_b?$medium$&qlt=80&fit=constrain",
        "sales_price": "9.99",
        "retail_price": "55"
    },
    {
        "brand": "Urban Outfitters",
        "Product name": "New Era Chicago White Sox Summer Pop Tee",
        "product_url": "https://www.urbanoutfitters.com/shop/new-era-chicago-white-sox-summer-pop-tee?category=sale&color=001",
        "product_image_urls": "https://images.urbndata.com/is/image/UrbanOutfitters/78130473_001_b?$medium$&qlt=80&fit=constrain",
        "sales_price": "14.99",
        "retail_price": "69"
    },
    {
        "brand": "Urban Outfitters",
        "Product name": "Out From Under Koa Strappy Sweatpant",
        "product_url": "https://www.urbanoutfitters.com/shop/out-from-under-koa-strappy-sweatpant?category=sale&color=024",
        "product_image_urls": "https://images.urbndata.com/is/image/UrbanOutfitters/79974325_024_b?$medium$&qlt=80&fit=constrain",
        "sales_price": "34.99",
        "retail_price": "99"
    },
    {
        "brand": "Urban Outfitters",
        "Product name": "BDG Velvet Camp Pocket Work Pant",
        "product_url": "https://www.urbanoutfitters.com/shop/bdg-velvet-camp-pocket-work-pant?category=sale&color=001",
        "product_image_urls": "https://images.urbndata.com/is/image/UrbanOutfitters/80204530_001_b?$medium$&qlt=80&fit=constrain",
        "sales_price": "49.99",
        "retail_price": "40"
    },
    {
        "brand": "Urban Outfitters",
        "Product name": "adidas Spain DNA Tee",
        "product_url": "https://www.urbanoutfitters.com/shop/adidas-spain-dna-tee?category=sale&color=010",
        "product_image_urls": "https://images.urbndata.com/is/image/UrbanOutfitters/69138188_010_b?$medium$&qlt=80&fit=constrain",
        "sales_price": "9.99",
        "retail_price": "55"
    },
    {
        "brand": "Urban Outfitters",
        "Product name": "The North Face Himalayan Bottle Source Long Sleeve Tee",
        "product_url": "https://www.urbanoutfitters.com/shop/the-north-face-himalayan-bottle-source-long-sleeve-tee4?category=sale&color=030",
        "product_image_urls": "https://images.urbndata.com/is/image/UrbanOutfitters/64779911_030_b?$medium$&qlt=80&fit=constrain",
        "sales_price": "29.99",
        "retail_price": "258"
    },
    {
        "brand": "Urban Outfitters",
        "Product name": "Martha Rey Holly One Piece Swimsuit",
        "product_url": "https://www.urbanoutfitters.com/shop/martha-rey-holly-one-piece-swimsuit2?category=sale&color=080",
        "product_image_urls": "https://images.urbndata.com/is/image/UrbanOutfitters/79342788_080_b?$medium$&qlt=80&fit=constrain",
        "sales_price": "104.99",
        "retail_price": "475"
    },
    {
        "brand": "Urban Outfitters",
        "Product name": "APPARIS Nara Faux Leather Trench Coat",
        "product_url": "https://www.urbanoutfitters.com/shop/apparis-nara-faux-leather-trench-coat2?category=sale&color=033",
        "product_image_urls": "https://images.urbndata.com/is/image/UrbanOutfitters/78899291_033_b?$medium$&qlt=80&fit=constrain",
        "sales_price": "239.99",
        "retail_price": "279"
    },
    {
        "brand": "Urban Outfitters",
        "Product name": "The Very Warm Nature Print Puffer Jacket",
        "product_url": "https://www.urbanoutfitters.com/shop/the-very-warm-nature-print-puffer-jacket?category=sale&color=066",
        "product_image_urls": "https://images.urbndata.com/is/image/UrbanOutfitters/78959186_066_b?$medium$&qlt=80&fit=constrain",
        "sales_price": "129.99",
        "retail_price": "79"
    },
    {
        "brand": "Urban Outfitters",
        "Product name": "BDG Washed Utility Pant",
        "product_url": "https://www.urbanoutfitters.com/shop/bdg-washed-utility-pant?category=sale&color=002",
        "product_image_urls": "https://images.urbndata.com/is/image/UrbanOutfitters/79974812_002_b?$medium$&qlt=80&fit=constrain",
        "sales_price": "39.99",
        "retail_price": "40"
    },
    {
        "brand": "Urban Outfitters",
        "Product name": "XLARGE Deliveryman Tee",
        "product_url": "https://www.urbanoutfitters.com/shop/xlarge-deliveryman-tee?category=sale&color=004",
        "product_image_urls": "https://images.urbndata.com/is/image/UrbanOutfitters/78312154_004_b?$medium$&qlt=80&fit=constrain",
        "sales_price": "19.99",
        "retail_price": "69"
    },
    {
        "brand": "Urban Outfitters",
        "Product name": "UO Mae Nylon Wide-Leg Pant",
        "product_url": "https://www.urbanoutfitters.com/shop/uo-mae-nylon-wide-leg-pant?category=sale&color=030",
        "product_image_urls": "https://images.urbndata.com/is/image/UrbanOutfitters/80343551_030_b?$medium$&qlt=80&fit=constrain",
        "sales_price": "29.99",
        "retail_price": "250"
    },
    {
        "brand": "Urban Outfitters",
        "Product name": "Manastash X TAION Fleece Jacket",
        "product_url": "https://www.urbanoutfitters.com/shop/manastash-x-taion-fleece-jacket?category=sale&color=012",
        "product_image_urls": "https://images.urbndata.com/is/image/UrbanOutfitters/79204293_012_b?$medium$&qlt=80&fit=constrain",
        "sales_price": "124.99",
        "retail_price": "65"
    },
    {
        "brand": "Urban Outfitters",
        "Product name": "Out From Under Koa Open-Front Hoodie Sweatshirt",
        "product_url": "https://www.urbanoutfitters.com/shop/out-from-under-koa-open-front-hoodie-sweatshirt?category=sale&color=024",
        "product_image_urls": "https://images.urbndata.com/is/image/UrbanOutfitters/80102486_024_b?$medium$&qlt=80&fit=constrain",
        "sales_price": "34.99",
        "retail_price": "39"
    },
    {
        "brand": "Urban Outfitters",
        "Product name": "New Era Chicago White Sox Brushed Tee",
        "product_url": "https://www.urbanoutfitters.com/shop/new-era-chicago-white-sox-brushed-tee?category=sale&color=001",
        "product_image_urls": "https://images.urbndata.com/is/image/UrbanOutfitters/67717637_001_b?$medium$&qlt=80&fit=constrain",
        "sales_price": "9.99",
        "retail_price": "49"
    },
    {
        "brand": "Urban Outfitters",
        "Product name": "New Era Houston Astros Summer Pop Tee",
        "product_url": "https://www.urbanoutfitters.com/shop/new-era-houston-astros-summer-pop-tee?category=sale&color=001",
        "product_image_urls": "https://images.urbndata.com/is/image/UrbanOutfitters/68304286_001_b?$medium$&qlt=80&fit=constrain",
        "sales_price": "14.99",
        "retail_price": "12"
    },
    {
        "brand": "Urban Outfitters",
        "Product name": "Parade Re:Play Undie",
        "product_url": "https://www.urbanoutfitters.com/shop/parade-re-play-undie?category=sale&color=220",
        "product_image_urls": "https://images.urbndata.com/is/image/UrbanOutfitters/81259400_220_b?$medium$&qlt=80&fit=constrain",
        "sales_price": "4.99",
        "retail_price": "95"
    },
    {
        "brand": "Urban Outfitters",
        "Product name": "Motel Navida Pinstripe Trouser Pant",
        "product_url": "https://www.urbanoutfitters.com/shop/motel-navida-pinstripe-trouser-pant?category=sale&color=020",
        "product_image_urls": "https://images.urbndata.com/is/image/UrbanOutfitters/79198164_020_b?$medium$&qlt=80&fit=constrain",
        "sales_price": "39.99",
        "retail_price": "150"
    },
    {
        "brand": "Urban Outfitters",
        "Product name": "Native Youth Convertible Puffer Jacket",
        "product_url": "https://www.urbanoutfitters.com/shop/native-youth-convertible-puffer-jacket?category=sale&color=012",
        "product_image_urls": "https://images.urbndata.com/is/image/UrbanOutfitters/69349819_012_b?$medium$&qlt=80&fit=constrain",
        "sales_price": "74.99",
        "retail_price": "89"
    },
    {
        "brand": "Urban Outfitters",
        "Product name": "UO Cassie Satin & Lace Ruffle Midi Skirt",
        "product_url": "https://www.urbanoutfitters.com/shop/uo-cassie-satin-and-lace-ruffle-midi-skirt?category=sale&color=041",
        "product_image_urls": "https://images.urbndata.com/is/image/UrbanOutfitters/80269319_041_b?$medium$&qlt=80&fit=constrain",
        "sales_price": "39.99",
        "retail_price": "104"
    },
    {
        "brand": "Urban Outfitters",
        "Product name": "Mikoh Suva Bikini Bottom",
        "product_url": "https://www.urbanoutfitters.com/shop/mikoh-suva-bikini-bottom3?category=sale&color=040",
        "product_image_urls": "https://images.urbndata.com/is/image/UrbanOutfitters/79486494_040_b?$medium$&qlt=80&fit=constrain",
        "sales_price": "44.99",
        "retail_price": "55"
    },
    {
        "brand": "Urban Outfitters",
        "Product name": "New Era New York Yankees Blacklist Tee",
        "product_url": "https://www.urbanoutfitters.com/shop/new-era-new-york-yankees-blacklist-tee?category=sale&color=001",
        "product_image_urls": "https://images.urbndata.com/is/image/UrbanOutfitters/78130572_001_b?$medium$&qlt=80&fit=constrain",
        "sales_price": "14.99",
        "retail_price": "59"
    },
    {
        "brand": "Urban Outfitters",
        "Product name": "Out From Under Cassidy Seamless Cutout Mini Dress",
        "product_url": "https://www.urbanoutfitters.com/shop/out-from-under-cassidy-seamless-cutout-mini-dress?category=sale&color=065",
        "product_image_urls": "https://images.urbndata.com/is/image/UrbanOutfitters/80407612_065_b?$medium$&qlt=80&fit=constrain",
        "sales_price": "29.99",
        "retail_price": "125"
    },
    {
        "brand": "Urban Outfitters",
        "Product name": "Glamorous Ribbed Flare Pant",
        "product_url": "https://www.urbanoutfitters.com/shop/glamorous-ribbed-flare-pant?category=sale&color=230",
        "product_image_urls": "https://images.urbndata.com/is/image/UrbanOutfitters/78418928_230_b?$medium$&qlt=80&fit=constrain",
        "sales_price": "49.99",
        "retail_price": "18"
    },
    {
        "brand": "Urban Outfitters",
        "Product name": "Parade Silky Mesh Hotflix Gems Thong",
        "product_url": "https://www.urbanoutfitters.com/shop/parade-silky-mesh-hotflix-gems-thong?category=sale&color=009",
        "product_image_urls": "https://images.urbndata.com/is/image/UrbanOutfitters/81259244_009_b?$medium$&qlt=80&fit=constrain",
        "sales_price": "9.99",
        "retail_price": "45"
    },
    {
        "brand": "Urban Outfitters",
        "Product name": "Market Rose Beanie",
        "product_url": "https://www.urbanoutfitters.com/shop/market-rose-beanie?category=sale&color=066",
        "product_image_urls": "https://images.urbndata.com/is/image/UrbanOutfitters/80478431_066_b?$medium$&qlt=80&fit=constrain",
        "sales_price": "9.99",
        "retail_price": "69"
    },
    {
        "brand": "Urban Outfitters",
        "Product name": "KOTO 04.033 Circle Hoodie Sweatshirt",
        "product_url": "https://www.urbanoutfitters.com/shop/koto-04033-circle-hoodie-sweatshirt?category=sale&color=001",
        "product_image_urls": "https://images.urbndata.com/is/image/UrbanOutfitters/78361508_001_b?$medium$&qlt=80&fit=constrain",
        "sales_price": "19.95",
        "retail_price": "138"
    },
    {
        "brand": "Urban Outfitters",
        "Product name": "Polo Ralph Lauren Double Knit Crew Neck Sweatshirt",
        "product_url": "https://www.urbanoutfitters.com/shop/polo-ralph-lauren-double-knit-crew-neck-sweatshirt?category=sale&color=041",
        "product_image_urls": "https://images.urbndata.com/is/image/UrbanOutfitters/79155123_041_b?$medium$&qlt=80&fit=constrain",
        "sales_price": "69.99",
        "retail_price": "149"
    },
    {
        "brand": "Urban Outfitters",
        "Product name": "BDG Mischa Hardware Jean",
        "product_url": "https://www.urbanoutfitters.com/shop/bdg-mischa-hardware-jean?category=sale&color=001",
        "product_image_urls": "https://images.urbndata.com/is/image/UrbanOutfitters/80214547_001_b?$medium$&qlt=80&fit=constrain",
        "sales_price": "59.99",
        "retail_price": "80"
    },
    {
        "brand": "Urban Outfitters",
        "Product name": "Levi\u2019s\u00ae Jackson Worker Overshirt",
        "product_url": "https://www.urbanoutfitters.com/shop/levis-jackson-worker-overshirt?category=sale&color=041",
        "product_image_urls": "https://images.urbndata.com/is/image/UrbanOutfitters/78955044_041_b?$medium$&qlt=80&fit=constrain",
        "sales_price": "39.99",
        "retail_price": "149"
    },
    {
        "brand": "Urban Outfitters",
        "Product name": "Bardot Everlasting Velour Corset Midi Dress",
        "product_url": "https://www.urbanoutfitters.com/shop/bardot-everlasting-velour-corset-midi-dress?category=sale&color=040",
        "product_image_urls": "https://images.urbndata.com/is/image/UrbanOutfitters/78632676_040_b?$medium$&qlt=80&fit=constrain",
        "sales_price": "69.99",
        "retail_price": "45"
    },
    {
        "brand": "Urban Outfitters",
        "Product name": "adidas Oversized Logo Tee",
        "product_url": "https://www.urbanoutfitters.com/shop/adidas-oversized-logo-tee2?category=sale&color=072",
        "product_image_urls": "https://images.urbndata.com/is/image/UrbanOutfitters/69353977_072_b?$medium$&qlt=80&fit=constrain",
        "sales_price": "24.99",
        "retail_price": "26"
    },
    {
        "brand": "Urban Outfitters",
        "Product name": "UO Butterfly Sling iPhone Case",
        "product_url": "https://www.urbanoutfitters.com/shop/uo-butterfly-sling-iphone-case?category=sale&color=807",
        "product_image_urls": "https://images.urbndata.com/is/image/UrbanOutfitters/79622171_807_b?$medium$&qlt=80&fit=constrain",
        "sales_price": "14.99",
        "retail_price": "30"
    },
    {
        "brand": "Urban Outfitters",
        "Product name": "New Era Chicago Bulls Knit Patched Beanie",
        "product_url": "https://www.urbanoutfitters.com/shop/new-era-chicago-bulls-knit-patched-beanie?category=sale&color=001",
        "product_image_urls": "https://images.urbndata.com/is/image/UrbanOutfitters/68348390_001_b?$medium$&qlt=80&fit=constrain",
        "sales_price": "14.99",
        "retail_price": "79"
    },
    {
        "brand": "Urban Outfitters",
        "Product name": "UO Two-Tone Corduroy Carrot Beach Pant",
        "product_url": "https://www.urbanoutfitters.com/shop/uo-two-tone-corduroy-carrot-beach-pant?category=sale&color=040",
        "product_image_urls": "https://images.urbndata.com/is/image/UrbanOutfitters/79330296_040_b?$medium$&qlt=80&fit=constrain",
        "sales_price": "39.99",
        "retail_price": "90"
    },
    {
        "brand": "Urban Outfitters",
        "Product name": "EMU Australia Jolie Teddy Slipper",
        "product_url": "https://www.urbanoutfitters.com/shop/emu-australia-jolie-teddy-slipper?category=sale&color=012",
        "product_image_urls": "https://images.urbndata.com/is/image/UrbanOutfitters/79594818_012_b?$medium$&qlt=80&fit=constrain",
        "sales_price": "49.99",
        "retail_price": "12"
    },
    {
        "brand": "Urban Outfitters",
        "Product name": "UO Instax Double Picture Frame",
        "product_url": "https://www.urbanoutfitters.com/shop/uo-instax-double-picture-frame?category=sale&color=087",
        "product_image_urls": "https://images.urbndata.com/is/image/UrbanOutfitters/68753912_087_b?$medium$&qlt=80&fit=constrain",
        "sales_price": "9.99",
        "retail_price": "12"
    },
    {
        "brand": "Urban Outfitters",
        "Product name": "UO Instax Double Picture Desk Frame",
        "product_url": "https://www.urbanoutfitters.com/shop/uo-instax-double-picture-desk-frame?category=sale&color=030",
        "product_image_urls": "https://images.urbndata.com/is/image/UrbanOutfitters/68753912_030_b?$medium$&qlt=80&fit=constrain",
        "sales_price": "9.99",
        "retail_price": "69"
    },
    {
        "brand": "Urban Outfitters",
        "Product name": "Out From Under Sunday Top & Short Set",
        "product_url": "https://www.urbanoutfitters.com/shop/out-from-under-sunday-top-and-short-set?category=sale&color=230",
        "product_image_urls": "https://images.urbndata.com/is/image/UrbanOutfitters/80220684_230_b?$medium$&qlt=80&fit=constrain",
        "sales_price": "34.99",
        "retail_price": "10"
    },
    {
        "brand": "Urban Outfitters",
        "Product name": "Out From Under Tease Satin G-String",
        "product_url": "https://www.urbanoutfitters.com/shop/out-from-under-tease-satin-g-string?category=sale&color=055",
        "product_image_urls": "https://images.urbndata.com/is/image/UrbanOutfitters/79471579_055_b?$medium$&qlt=80&fit=constrain",
        "sales_price": "4.99",
        "retail_price": "65"
    },
    {
        "brand": "Urban Outfitters",
        "Product name": "Glamorous Printed Flare Pant",
        "product_url": "https://www.urbanoutfitters.com/shop/glamorous-printed-flare-pant?category=sale&color=037",
        "product_image_urls": "https://images.urbndata.com/is/image/UrbanOutfitters/78418746_037_b?$medium$&qlt=80&fit=constrain",
        "sales_price": "24.99",
        "retail_price": "99"
    },
    {
        "brand": "Urban Outfitters",
        "Product name": "BDG Washed Jacquard Jacket",
        "product_url": "https://www.urbanoutfitters.com/shop/bdg-washed-jacquard-jacket?category=sale&color=061",
        "product_image_urls": "https://images.urbndata.com/is/image/UrbanOutfitters/79474383_061_b?$medium$&qlt=80&fit=constrain",
        "sales_price": "49.99",
        "retail_price": "99"
    },
    {
        "brand": "Urban Outfitters",
        "Product name": "Out From Under Miranda Tease Satin Triangle Bralette",
        "product_url": "https://www.urbanoutfitters.com/shop/out-from-under-miranda-tease-satin-triangle-bralette?category=sale&color=055",
        "product_image_urls": "https://images.urbndata.com/is/image/UrbanOutfitters/79472999_055_b?$medium$&qlt=80&fit=constrain",
        "sales_price": "14.99",
        "retail_price": "29"
    },
    {
        "brand": "Urban Outfitters",
        "Product name": "UO Two-Tone Corduroy Overshirt",
        "product_url": "https://www.urbanoutfitters.com/shop/uo-two-tone-corduroy-overshirt?category=sale&color=001",
        "product_image_urls": "https://images.urbndata.com/is/image/UrbanOutfitters/79524583_001_b?$medium$&qlt=80&fit=constrain",
        "sales_price": "24.95",
        "retail_price": "89"
    },
    {
        "brand": "Urban Outfitters",
        "Product name": "UO Daydreamer Velour Catsuit Romper",
        "product_url": "https://www.urbanoutfitters.com/shop/uo-daydreamer-velour-catsuit-romper?category=sale&color=020",
        "product_image_urls": "https://images.urbndata.com/is/image/UrbanOutfitters/79021614_020_b?$medium$&qlt=80&fit=constrain",
        "sales_price": "29.99",
        "retail_price": "69"
    },
    {
        "brand": "Urban Outfitters",
        "Product name": "Parks Project X National Geographic Baseball Hat",
        "product_url": "https://www.urbanoutfitters.com/shop/parks-project-x-national-geographic-baseball-hat?category=sale&color=036",
        "product_image_urls": "https://images.urbndata.com/is/image/UrbanOutfitters/80672900_036_b?$medium$&qlt=80&fit=constrain",
        "sales_price": "19.99",
        "retail_price": "36"
    },
    {
        "brand": "Urban Outfitters",
        "Product name": "New Balance Jacob Rochester Tee",
        "product_url": "https://www.urbanoutfitters.com/shop/new-balance-jacob-rochester-tee?category=sale&color=006",
        "product_image_urls": "https://images.urbndata.com/is/image/UrbanOutfitters/68851120_006_b?$medium$&qlt=80&fit=constrain",
        "sales_price": "24.99",
        "retail_price": "45"
    },
    {
        "brand": "Urban Outfitters",
        "Product name": "Ace Fluffy Faux Fur Bucket Hat",
        "product_url": "https://www.urbanoutfitters.com/shop/ace-fluffy-faux-fur-bucket-hat?category=sale&color=040",
        "product_image_urls": "https://images.urbndata.com/is/image/UrbanOutfitters/78522562_040_b?$medium$&qlt=80&fit=constrain",
        "sales_price": "19.99",
        "retail_price": "39"
    },
    {
        "brand": "Urban Outfitters",
        "Product name": "Out From Under Seamed Shrug Sweatshirt",
        "product_url": "https://www.urbanoutfitters.com/shop/out-from-under-seamed-shrug-sweatshirt?category=sale&color=060",
        "product_image_urls": "https://images.urbndata.com/is/image/UrbanOutfitters/80014244_060_b?$medium$&qlt=80&fit=constrain",
        "sales_price": "24.99",
        "retail_price": "49"
    },
    {
        "brand": "Urban Outfitters",
        "Product name": "Out From Under Alyssa Cropped Sweatpant",
        "product_url": "https://www.urbanoutfitters.com/shop/out-from-under-alyssa-cropped-sweatpant?category=sale&color=005",
        "product_image_urls": "https://images.urbndata.com/is/image/UrbanOutfitters/80154560_005_b?$medium$&qlt=80&fit=constrain",
        "sales_price": "24.99",
        "retail_price": "49"
    },
    {
        "brand": "Urban Outfitters",
        "Product name": "Frankies Bikinis Tia String Bikini Top",
        "product_url": "https://www.urbanoutfitters.com/shop/frankies-bikinis-tia-string-bikini-top?category=sale&color=053",
        "product_image_urls": "https://images.urbndata.com/is/image/UrbanOutfitters/79932570_053_b?$medium$&qlt=80&fit=constrain",
        "sales_price": "34.99",
        "retail_price": "80"
    },
    {
        "brand": "Urban Outfitters",
        "Product name": "Dickies Deatsville Work Pant",
        "product_url": "https://www.urbanoutfitters.com/shop/dickies-deatsville-work-pant?category=sale&color=005",
        "product_image_urls": "https://images.urbndata.com/is/image/UrbanOutfitters/78855228_005_b?$medium$&qlt=80&fit=constrain",
        "sales_price": "34.99",
        "retail_price": "70"
    },
    {
        "brand": "Urban Outfitters",
        "Product name": "BDG Aiden Chamois Sunwashed Shirt",
        "product_url": "https://www.urbanoutfitters.com/shop/bdg-aiden-chamois-sunwashed-shirt?category=sale&color=005",
        "product_image_urls": "https://images.urbndata.com/is/image/UrbanOutfitters/79407888_005_b?$medium$&qlt=80&fit=constrain",
        "sales_price": "44.99",
        "retail_price": "89"
    },
    {
        "brand": "Urban Outfitters",
        "Product name": "Cookman Delivery Jacket",
        "product_url": "https://www.urbanoutfitters.com/shop/cookman-delivery-jacket?category=sale&color=029",
        "product_image_urls": "https://images.urbndata.com/is/image/UrbanOutfitters/78840493_029_b?$medium$&qlt=80&fit=constrain",
        "sales_price": "29.99",
        "retail_price": "59"
    },
    {
        "brand": "Urban Outfitters",
        "Product name": "Out From Under Encore Chain Bodysuit",
        "product_url": "https://www.urbanoutfitters.com/shop/out-from-under-encore-chain-bodysuit?category=sale&color=001",
        "product_image_urls": "https://images.urbndata.com/is/image/UrbanOutfitters/79607313_001_b?$medium$&qlt=80&fit=constrain",
        "sales_price": "19.99",
        "retail_price": "45"
    },
    {
        "brand": "Urban Outfitters",
        "Product name": "Out From Under Markie Seamless Thong",
        "product_url": "https://www.urbanoutfitters.com/shop/out-from-under-markie-seamless-thong3?category=sale&color=030",
        "product_image_urls": "https://images.urbndata.com/is/image/UrbanOutfitters/54933031_030_b?$medium$&qlt=80&fit=constrain",
        "sales_price": "2.99 \u2013 4.99",
        "retail_price": "8"
    },
    {
        "brand": "Urban Outfitters",
        "Product name": "BDG Distressed Long Sleeve Pocket Tee",
        "product_url": "https://www.urbanoutfitters.com/shop/bdg-distressed-long-sleeve-pocket-tee?category=sale&color=005",
        "product_image_urls": "https://images.urbndata.com/is/image/UrbanOutfitters/79085197_005_b?$medium$&qlt=80&fit=constrain",
        "sales_price": "24.99",
        "retail_price": "45"
    },
    {
        "brand": "Urban Outfitters",
        "Product name": "UO Close To Me Peekaboo Top",
        "product_url": "https://www.urbanoutfitters.com/shop/uo-close-to-me-peekaboo-top?category=sale&color=020",
        "product_image_urls": "https://images.urbndata.com/is/image/UrbanOutfitters/79835690_020_b?$medium$&qlt=80&fit=constrain",
        "sales_price": "24.99",
        "retail_price": "45"
    },
    {
        "brand": "Urban Outfitters",
        "Product name": "Kidrobot Garfield Tiger Window Plushie",
        "product_url": "https://www.urbanoutfitters.com/shop/kidrobot-garfield-tiger-window-plushie?category=sale&color=029",
        "product_image_urls": "https://images.urbndata.com/is/image/UrbanOutfitters/79029492_029_b?$medium$&qlt=80&fit=constrain",
        "sales_price": "19.99",
        "retail_price": "30"
    },
    {
        "brand": "Urban Outfitters",
        "Product name": "Pas de Mer Patterned Fleece Hoodie Sweatshirt",
        "product_url": "https://www.urbanoutfitters.com/shop/pas-de-mer-patterned-fleece-hoodie-sweatshirt?category=sale&color=050",
        "product_image_urls": "https://images.urbndata.com/is/image/UrbanOutfitters/79697157_050_b?$medium$&qlt=80&fit=constrain",
        "sales_price": "99.99",
        "retail_price": "200"
    },
    {
        "brand": "Urban Outfitters",
        "Product name": "Out From Under Amber Tease Underwire Bra",
        "product_url": "https://www.urbanoutfitters.com/shop/out-from-under-amber-tease-underwire-bra?category=sale&color=055",
        "product_image_urls": "https://images.urbndata.com/is/image/UrbanOutfitters/79473286_055_b?$medium$&qlt=80&fit=constrain",
        "sales_price": "19.99",
        "retail_price": "39"
    },
    {
        "brand": "Urban Outfitters",
        "Product name": "UO Evie Mule Heel",
        "product_url": "https://www.urbanoutfitters.com/shop/uo-evie-mule-heel?category=sale&color=050",
        "product_image_urls": "https://images.urbndata.com/is/image/UrbanOutfitters/79561213_050_b?$medium$&qlt=80&fit=constrain",
        "sales_price": "24.99",
        "retail_price": "69"
    },
    {
        "brand": "Urban Outfitters",
        "Product name": "UO Y2K Belted Trouser Pant",
        "product_url": "https://www.urbanoutfitters.com/shop/uo-y2k-belted-trouser-pant?category=sale&color=001",
        "product_image_urls": "https://images.urbndata.com/is/image/UrbanOutfitters/79058327_001_b?$medium$&qlt=80&fit=constrain",
        "sales_price": "29.99",
        "retail_price": "69"
    },
    {
        "brand": "Urban Outfitters",
        "Product name": "UO Y2K Belted Low Rise Trouser Pant",
        "product_url": "https://www.urbanoutfitters.com/shop/uo-y2k-belted-low-rise-trouser-pant?category=sale&color=002",
        "product_image_urls": "https://images.urbndata.com/is/image/UrbanOutfitters/79058327_002_b?$medium$&qlt=80&fit=constrain",
        "sales_price": "24.99",
        "retail_price": "69"
    },
    {
        "brand": "Urban Outfitters",
        "Product name": "Out From Under Eyes On Me Seamless Mesh Top",
        "product_url": "https://www.urbanoutfitters.com/shop/out-from-under-eyes-on-me-seamless-mesh-top?category=sale&color=001",
        "product_image_urls": "https://images.urbndata.com/is/image/UrbanOutfitters/79869798_001_b?$medium$&qlt=80&fit=constrain",
        "sales_price": "14.99",
        "retail_price": "29"
    },
    {
        "brand": "Urban Outfitters",
        "Product name": "BDG Dale Distressed Acid Wash Cargo Pant",
        "product_url": "https://www.urbanoutfitters.com/shop/bdg-dale-distressed-acid-wash-cargo-pant?category=sale&color=029",
        "product_image_urls": "https://images.urbndata.com/is/image/UrbanOutfitters/78961257_029_b?$medium$&qlt=80&fit=constrain",
        "sales_price": "44.99",
        "retail_price": "109"
    },
    {
        "brand": "Urban Outfitters",
        "Product name": "Mandinga Bleached Storm Jean",
        "product_url": "https://www.urbanoutfitters.com/shop/mandinga-bleached-storm-jean?category=sale&color=049",
        "product_image_urls": "https://images.urbndata.com/is/image/UrbanOutfitters/79481362_049_b?$medium$&qlt=80&fit=constrain",
        "sales_price": "79.99",
        "retail_price": "195"
    },
    {
        "brand": "Urban Outfitters",
        "Product name": "The Official Minecraft Coloring Book: Create, Explore, Relax By Insight Editions",
        "product_url": "https://www.urbanoutfitters.com/shop/the-official-minecraft-coloring-book-create-explore-relax-by-insight-editions?category=sale&color=000",
        "product_image_urls": "https://images.urbndata.com/is/image/UrbanOutfitters/80229883_000_b?$medium$&qlt=80&fit=constrain",
        "sales_price": "7.99",
        "retail_price": "12.99"
    },
    {
        "brand": "Urban Outfitters",
        "Product name": "Champion UO Exclusive Classic Reverse Weave Sweatpant",
        "product_url": "https://www.urbanoutfitters.com/shop/champion-uo-exclusive-classic-reverse-weave-sweatpant?category=sale&color=027",
        "product_image_urls": "https://images.urbndata.com/is/image/UrbanOutfitters/61555181_027_b?$medium$&qlt=80&fit=constrain",
        "sales_price": "19.99 \u2013 24.99",
        "retail_price": "50"
    },
    {
        "brand": "Urban Outfitters",
        "Product name": "New Era 59FIFTY San Diego Padres Wool Fitted Hat",
        "product_url": "https://www.urbanoutfitters.com/shop/new-era-59fifty-san-diego-padres-wool-fitted-hat?category=sale&color=020",
        "product_image_urls": "https://images.urbndata.com/is/image/UrbanOutfitters/78195062_020_b?$medium$&qlt=80&fit=constrain",
        "sales_price": "14.99",
        "retail_price": "50"
    },
    {
        "brand": "Urban Outfitters",
        "Product name": "\u201947 Los Angeles Dodgers Knit Beanie",
        "product_url": "https://www.urbanoutfitters.com/shop/47-los-angeles-dodgers-knit-beanie?category=sale&color=066",
        "product_image_urls": "https://images.urbndata.com/is/image/UrbanOutfitters/78132107_066_b?$medium$&qlt=80&fit=constrain",
        "sales_price": "19.99",
        "retail_price": "35"
    },
    {
        "brand": "Urban Outfitters",
        "Product name": "Hikerdelic Shroom Twins Beanie",
        "product_url": "https://www.urbanoutfitters.com/shop/hikerdelic-shroom-twins-beanie?category=sale&color=046",
        "product_image_urls": "https://images.urbndata.com/is/image/UrbanOutfitters/79845921_046_b?$medium$&qlt=80&fit=constrain",
        "sales_price": "24.99",
        "retail_price": "45"
    },
    {
        "brand": "Urban Outfitters",
        "Product name": "Kiss The Sky Velvet Floral V-Neck Romper",
        "product_url": "https://www.urbanoutfitters.com/shop/kiss-the-sky-velvet-floral-v-neck-romper?category=sale&color=001",
        "product_image_urls": "https://images.urbndata.com/is/image/UrbanOutfitters/79000998_001_b?$medium$&qlt=80&fit=constrain",
        "sales_price": "39.99",
        "retail_price": "89"
    },
    {
        "brand": "Urban Outfitters",
        "Product name": "BDG Bowed Nylon Pant",
        "product_url": "https://www.urbanoutfitters.com/shop/bdg-bowed-nylon-pant?category=sale&color=010",
        "product_image_urls": "https://images.urbndata.com/is/image/UrbanOutfitters/78399227_010_b?$medium$&qlt=80&fit=constrain",
        "sales_price": "19.95",
        "retail_price": "69"
    },
    {
        "brand": "Urban Outfitters",
        "Product name": "Cookman Freezer Jacket",
        "product_url": "https://www.urbanoutfitters.com/shop/cookman-freezer-jacket?category=sale&color=001",
        "product_image_urls": "https://images.urbndata.com/is/image/UrbanOutfitters/78840550_001_b?$medium$&qlt=80&fit=constrain",
        "sales_price": "89.99",
        "retail_price": "179"
    },
    {
        "brand": "Urban Outfitters",
        "Product name": "Polo Ralph Lauren Magic Gradient Logo Hoodie Sweatshirt",
        "product_url": "https://www.urbanoutfitters.com/shop/polo-ralph-lauren-magic-gradient-logo-hoodie-sweatshirt?category=sale&color=001",
        "product_image_urls": "https://images.urbndata.com/is/image/UrbanOutfitters/79155446_001_b?$medium$&qlt=80&fit=constrain",
        "sales_price": "74.99",
        "retail_price": "148"
    },
    {
        "brand": "Urban Outfitters",
        "Product name": "Tasha Studded Padded Headband",
        "product_url": "https://www.urbanoutfitters.com/shop/tasha-studded-padded-headband?category=sale&color=080",
        "product_image_urls": "https://images.urbndata.com/is/image/UrbanOutfitters/81117616_080_b?$medium$&qlt=80&fit=constrain",
        "sales_price": "9.99",
        "retail_price": "19"
    },
    {
        "brand": "Urban Outfitters",
        "Product name": "MUTMA Convo Platform Sneaker",
        "product_url": "https://www.urbanoutfitters.com/shop/mutma-convo-platform-sneaker?category=sale&color=001",
        "product_image_urls": "https://images.urbndata.com/is/image/UrbanOutfitters/78570835_001_b?$medium$&qlt=80&fit=constrain",
        "sales_price": "114.99",
        "retail_price": "170"
    },
    {
        "brand": "Urban Outfitters",
        "Product name": "Levi\u2019s\u00ae 501 Straight Leg Jean",
        "product_url": "https://www.urbanoutfitters.com/shop/levis-501-straight-leg-jean?category=sale&color=020",
        "product_image_urls": "https://images.urbndata.com/is/image/UrbanOutfitters/76143072_020_b?$medium$&qlt=80&fit=constrain",
        "sales_price": "24.99",
        "retail_price": "99"
    },
    {
        "brand": "Urban Outfitters",
        "Product name": "UO Lace-Up Pant",
        "product_url": "https://www.urbanoutfitters.com/shop/uo-lace-up-pant?category=sale&color=001",
        "product_image_urls": "https://images.urbndata.com/is/image/UrbanOutfitters/78615168_001_b?$medium$&qlt=80&fit=constrain",
        "sales_price": "34.99",
        "retail_price": "89"
    },
    {
        "brand": "Urban Outfitters",
        "Product name": "Urban Renewal Deadstock Denim Embroidered Throw Pillow",
        "product_url": "https://www.urbanoutfitters.com/shop/urban-renewal-deadstock-denim-embroidered-throw-pillow?category=sale&color=049",
        "product_image_urls": "https://images.urbndata.com/is/image/UrbanOutfitters/79620290_049_b?$medium$&qlt=80&fit=constrain",
        "sales_price": "44.99",
        "retail_price": "79"
    },
    {
        "brand": "Urban Outfitters",
        "Product name": "UO Tara Cropped Twist Sweater",
        "product_url": "https://www.urbanoutfitters.com/shop/uo-tara-cropped-twist-sweater?category=sale&color=001",
        "product_image_urls": "https://images.urbndata.com/is/image/UrbanOutfitters/79640272_001_b?$medium$&qlt=80&fit=constrain",
        "sales_price": "19.95",
        "retail_price": "59"
    },
    {
        "brand": "Urban Outfitters",
        "Product name": "Out From Under Tease Cupless Corset",
        "product_url": "https://www.urbanoutfitters.com/shop/out-from-under-tease-cupless-corset?category=sale&color=055",
        "product_image_urls": "https://images.urbndata.com/is/image/UrbanOutfitters/79472692_055_b?$medium$&qlt=80&fit=constrain",
        "sales_price": "19.99",
        "retail_price": "45"
    },
    {
        "brand": "Urban Outfitters",
        "Product name": "Mitchell & Ness NBA Script Sweatpant",
        "product_url": "https://www.urbanoutfitters.com/shop/mitchell-and-ness-nba-script-sweatpant2?category=sale&color=036",
        "product_image_urls": "https://images.urbndata.com/is/image/UrbanOutfitters/78082468_036_b?$medium$&qlt=80&fit=constrain",
        "sales_price": "44.99",
        "retail_price": "90"
    },
    {
        "brand": "Urban Outfitters",
        "Product name": "Rolla\u2019s Men At Work Quilted Cord Shirt",
        "product_url": "https://www.urbanoutfitters.com/shop/rollas-men-at-work-quilted-cord-shirt?category=sale&color=060",
        "product_image_urls": "https://images.urbndata.com/is/image/UrbanOutfitters/81759052_060_b?$medium$&qlt=80&fit=constrain",
        "sales_price": "54.99",
        "retail_price": "109"
    },
    {
        "brand": "Urban Outfitters",
        "Product name": "BDG High-Waisted Skinny Jean",
        "product_url": "https://www.urbanoutfitters.com/shop/bdg-high-waisted-skinny-jean?category=sale&color=001",
        "product_image_urls": "https://images.urbndata.com/is/image/UrbanOutfitters/79526828_001_b?$medium$&qlt=80&fit=constrain",
        "sales_price": "29.99",
        "retail_price": "79"
    },
    {
        "brand": "Urban Outfitters",
        "Product name": "UO High-Waisted Pin-Up Short",
        "product_url": "https://www.urbanoutfitters.com/shop/uo-high-waisted-pin-up-short?category=sale&color=001",
        "product_image_urls": "https://images.urbndata.com/is/image/UrbanOutfitters/80424690_001_b?$medium$&qlt=80&fit=constrain",
        "sales_price": "24.99",
        "retail_price": "59"
    },
    {
        "brand": "Urban Outfitters",
        "Product name": "Chainsmokers Oversized Long Sleeve Tee",
        "product_url": "https://www.urbanoutfitters.com/shop/chainsmokers-oversized-long-sleeve-tee?category=sale&color=001",
        "product_image_urls": "https://images.urbndata.com/is/image/UrbanOutfitters/81533713_001_b?$medium$&qlt=80&fit=constrain",
        "sales_price": "14.99",
        "retail_price": "49"
    },
    {
        "brand": "Urban Outfitters",
        "Product name": "EMU Australia Mayberry Curly Sheepskin Slipper",
        "product_url": "https://www.urbanoutfitters.com/shop/emu-australia-mayberry-curly-sheepskin-slipper?category=sale&color=006",
        "product_image_urls": "https://images.urbndata.com/is/image/UrbanOutfitters/79595146_006_b?$medium$&qlt=80&fit=constrain",
        "sales_price": "54.99",
        "retail_price": "80"
    },
    {
        "brand": "Urban Outfitters",
        "Product name": "Out From Under Modern Love Rhinestone Corset",
        "product_url": "https://www.urbanoutfitters.com/shop/out-from-under-modern-love-rhinestone-corset?category=sale&color=040",
        "product_image_urls": "https://images.urbndata.com/is/image/UrbanOutfitters/79472916_040_b?$medium$&qlt=80&fit=constrain",
        "sales_price": "34.99",
        "retail_price": "69"
    },
    {
        "brand": "Urban Outfitters",
        "Product name": "Olga Berg Estelle Feather Clutch Bag",
        "product_url": "https://www.urbanoutfitters.com/shop/olga-berg-estelle-feather-clutch-bag?category=sale&color=001",
        "product_image_urls": "https://images.urbndata.com/is/image/UrbanOutfitters/78169265_001_b?$medium$&qlt=80&fit=constrain",
        "sales_price": "69.99",
        "retail_price": "115"
    },
    {
        "brand": "Urban Outfitters",
        "Product name": "Plaid Fringe Scarf",
        "product_url": "https://www.urbanoutfitters.com/shop/plaid-fringe-scarf2?category=sale&color=086",
        "product_image_urls": "https://images.urbndata.com/is/image/UrbanOutfitters/79993077_086_b?$medium$&qlt=80&fit=constrain",
        "sales_price": "19.99",
        "retail_price": "39"
    },
    {
        "brand": "Urban Outfitters",
        "Product name": "Out From Under Tease Satin Lace-Up Tanga",
        "product_url": "https://www.urbanoutfitters.com/shop/out-from-under-tease-satin-lace-up-tanga?category=sale&color=040",
        "product_image_urls": "https://images.urbndata.com/is/image/UrbanOutfitters/79470639_040_b?$medium$&qlt=80&fit=constrain",
        "sales_price": "9.99",
        "retail_price": "16"
    },
    {
        "brand": "Urban Outfitters",
        "Product name": "Olga Berg Jerry Crystal Mesh Clutch Bag",
        "product_url": "https://www.urbanoutfitters.com/shop/olga-berg-jerry-crystal-mesh-clutch-bag?category=sale&color=007",
        "product_image_urls": "https://images.urbndata.com/is/image/UrbanOutfitters/78169224_007_b?$medium$&qlt=80&fit=constrain",
        "sales_price": "84.99",
        "retail_price": "135"
    },
    {
        "brand": "Urban Outfitters",
        "Product name": "Converse Chuck Taylor All Star Lugged Mid Sneaker Boot",
        "product_url": "https://www.urbanoutfitters.com/shop/converse-chuck-taylor-all-star-lugged-mid-sneaker-boot?category=sale&color=003",
        "product_image_urls": "https://images.urbndata.com/is/image/UrbanOutfitters/69899557_003_b?$medium$&qlt=80&fit=constrain",
        "sales_price": "54.99",
        "retail_price": "110"
    },
    {
        "brand": "Urban Outfitters",
        "Product name": "UO Celine Crafty Knit Mini Skirt",
        "product_url": "https://www.urbanoutfitters.com/shop/uo-celine-crafty-knit-mini-skirt?category=sale&color=015",
        "product_image_urls": "https://images.urbndata.com/is/image/UrbanOutfitters/79992145_015_b?$medium$&qlt=80&fit=constrain",
        "sales_price": "24.99",
        "retail_price": "59"
    },
    {
        "brand": "Urban Outfitters",
        "Product name": "UO Beatrix Cold-Shoulder Sweater",
        "product_url": "https://www.urbanoutfitters.com/shop/uo-beatrix-cold-shoulder-sweater?category=sale&color=072",
        "product_image_urls": "https://images.urbndata.com/is/image/UrbanOutfitters/79526745_072_b?$medium$&qlt=80&fit=constrain",
        "sales_price": "39.99",
        "retail_price": "75"
    },
    {
        "brand": "Urban Outfitters",
        "Product name": "BDG Arlo Ruffle Denim Mini Skirt",
        "product_url": "https://www.urbanoutfitters.com/shop/bdg-arlo-ruffle-denim-mini-skirt?category=sale&color=092",
        "product_image_urls": "https://images.urbndata.com/is/image/UrbanOutfitters/79986543_092_b?$medium$&qlt=80&fit=constrain",
        "sales_price": "29.99",
        "retail_price": "69"
    },
    {
        "brand": "Urban Outfitters",
        "Product name": "Out From Under Delaney Seamless Slashed Tube Top",
        "product_url": "https://www.urbanoutfitters.com/shop/out-from-under-delaney-seamless-slashed-tube-top?category=sale&color=031",
        "product_image_urls": "https://images.urbndata.com/is/image/UrbanOutfitters/79870499_031_b?$medium$&qlt=80&fit=constrain",
        "sales_price": "14.99",
        "retail_price": "25"
    },
    {
        "brand": "Urban Outfitters",
        "Product name": "Kiss The Sky Lace Strappy-Back Romper",
        "product_url": "https://www.urbanoutfitters.com/shop/kiss-the-sky-lace-strappy-back-romper?category=sale&color=041",
        "product_image_urls": "https://images.urbndata.com/is/image/UrbanOutfitters/79001251_041_b?$medium$&qlt=80&fit=constrain",
        "sales_price": "49.99",
        "retail_price": "125"
    },
    {
        "brand": "Urban Outfitters",
        "Product name": "Parks Project UO Exclusive Welcome Full Zip Hoodie Sweatshirt",
        "product_url": "https://www.urbanoutfitters.com/shop/parks-project-uo-exclusive-welcome-full-zip-hoodie-sweatshirt?category=sale&color=001",
        "product_image_urls": "https://images.urbndata.com/is/image/UrbanOutfitters/79911798_001_b?$medium$&qlt=80&fit=constrain",
        "sales_price": "39.99",
        "retail_price": "75"
    },
    {
        "brand": "Urban Outfitters",
        "Product name": "Levi\u2019s\u00ae Type 1 Fleece Lined Corduroy Trucker Jacket",
        "product_url": "https://www.urbanoutfitters.com/shop/levis-type-1-fleece-lined-corduroy-trucker-jacket?category=sale&color=021",
        "product_image_urls": "https://images.urbndata.com/is/image/UrbanOutfitters/78955259_021_b?$medium$&qlt=80&fit=constrain",
        "sales_price": "64.99",
        "retail_price": "129"
    },
    {
        "brand": "Urban Outfitters",
        "Product name": "Deadwood Ollie Leather Trench Coat",
        "product_url": "https://www.urbanoutfitters.com/shop/deadwood-ollie-leather-trench-coat?category=sale&color=001",
        "product_image_urls": "https://images.urbndata.com/is/image/UrbanOutfitters/69544179_001_b?$medium$&qlt=80&fit=constrain",
        "sales_price": "349.99",
        "retail_price": "680"
    },
    {
        "brand": "Urban Outfitters",
        "Product name": "UO Mikayla Floral Midi Dress",
        "product_url": "https://www.urbanoutfitters.com/shop/uo-mikayla-floral-midi-dress?category=sale&color=009",
        "product_image_urls": "https://images.urbndata.com/is/image/UrbanOutfitters/79136339_009_b?$medium$&qlt=80&fit=constrain",
        "sales_price": "39.99",
        "retail_price": "79"
    },
    {
        "brand": "Urban Outfitters",
        "Product name": "UO Washed 3\u201d Chino Short",
        "product_url": "https://www.urbanoutfitters.com/shop/uo-washed-3-chino-short?category=sale&color=040",
        "product_image_urls": "https://images.urbndata.com/is/image/UrbanOutfitters/79937306_040_b?$medium$&qlt=80&fit=constrain",
        "sales_price": "24.99",
        "retail_price": "49"
    },
    {
        "brand": "Urban Outfitters",
        "Product name": "UO Plisse Pull-On Short",
        "product_url": "https://www.urbanoutfitters.com/shop/uo-plisse-pull-on-short?category=sale&color=086",
        "product_image_urls": "https://images.urbndata.com/is/image/UrbanOutfitters/80337645_086_b?$medium$&qlt=80&fit=constrain",
        "sales_price": "14.99",
        "retail_price": "39"
    },
    {
        "brand": "Urban Outfitters",
        "Product name": "BDG Low Rise Tapered Moto Jean",
        "product_url": "https://www.urbanoutfitters.com/shop/bdg-low-rise-tapered-moto-jean?category=sale&color=011",
        "product_image_urls": "https://images.urbndata.com/is/image/UrbanOutfitters/79527321_011_b?$medium$&qlt=80&fit=constrain",
        "sales_price": "49.99",
        "retail_price": "129"
    },
    {
        "brand": "Urban Outfitters",
        "Product name": "BDG Tapered Moto Jean",
        "product_url": "https://www.urbanoutfitters.com/shop/bdg-tapered-moto-jean?category=sale&color=001",
        "product_image_urls": "https://images.urbndata.com/is/image/UrbanOutfitters/79527321_001_b?$medium$&qlt=80&fit=constrain",
        "sales_price": "49.99",
        "retail_price": "129"
    },
    {
        "brand": "Urban Outfitters",
        "Product name": "UO Tova Smocked Romper",
        "product_url": "https://www.urbanoutfitters.com/shop/uo-tova-smocked-romper?category=sale&color=009",
        "product_image_urls": "https://images.urbndata.com/is/image/UrbanOutfitters/80373731_009_b?$medium$&qlt=80&fit=constrain",
        "sales_price": "29.99",
        "retail_price": "69"
    },
    {
        "brand": "Urban Outfitters",
        "Product name": "Puma Seasons 5\u201d Short",
        "product_url": "https://www.urbanoutfitters.com/shop/puma-seasons-5-short?category=sale&color=001",
        "product_image_urls": "https://images.urbndata.com/is/image/UrbanOutfitters/78075207_001_b?$medium$&qlt=80&fit=constrain",
        "sales_price": "29.99",
        "retail_price": "55"
    },
    {
        "brand": "Urban Outfitters",
        "Product name": "Guanabana Fringe Belt",
        "product_url": "https://www.urbanoutfitters.com/shop/guanabana-fringe-belt2?category=sale&color=072",
        "product_image_urls": "https://images.urbndata.com/is/image/UrbanOutfitters/76116144_072_b?$medium$&qlt=80&fit=constrain",
        "sales_price": "44.99",
        "retail_price": "83"
    },
    {
        "brand": "Urban Outfitters",
        "Product name": "UO Axel Mesh Hardware Cropped Top",
        "product_url": "https://www.urbanoutfitters.com/shop/uo-axel-mesh-hardware-cropped-top?category=sale&color=001",
        "product_image_urls": "https://images.urbndata.com/is/image/UrbanOutfitters/80165343_001_b?$medium$&qlt=80&fit=constrain",
        "sales_price": "29.99",
        "retail_price": "59"
    },
    {
        "brand": "Urban Outfitters",
        "Product name": "Urban Renewal Vintage Button-Front Golf Cardigan",
        "product_url": "https://www.urbanoutfitters.com/shop/urban-renewal-vintage-button-front-golf-cardigan?category=sale&color=014",
        "product_image_urls": "https://images.urbndata.com/is/image/UrbanOutfitters/67079186_014_b?$medium$&qlt=80&fit=constrain",
        "sales_price": "19.99",
        "retail_price": "49"
    },
    {
        "brand": "Urban Outfitters",
        "Product name": "ULTRA GAME Miami Heat Big City Boxy Fit Tee",
        "product_url": "https://www.urbanoutfitters.com/shop/ultra-game-miami-heat-big-city-boxy-fit-tee?category=sale&color=060",
        "product_image_urls": "https://images.urbndata.com/is/image/UrbanOutfitters/79386793_060_b?$medium$&qlt=80&fit=constrain",
        "sales_price": "19.99",
        "retail_price": "39"
    },
    {
        "brand": "Urban Outfitters",
        "Product name": "UO Olivia Faux Leather Zipper Pant",
        "product_url": "https://www.urbanoutfitters.com/shop/uo-olivia-faux-leather-zipper-pant?category=sale&color=009",
        "product_image_urls": "https://images.urbndata.com/is/image/UrbanOutfitters/78297512_009_b?$medium$&qlt=80&fit=constrain",
        "sales_price": "39.99",
        "retail_price": "99"
    },
    {
        "brand": "Urban Outfitters",
        "Product name": "UO Marie Printed Cargo Pant",
        "product_url": "https://www.urbanoutfitters.com/shop/uo-marie-printed-cargo-pant?category=sale&color=030",
        "product_image_urls": "https://images.urbndata.com/is/image/UrbanOutfitters/79394870_030_b?$medium$&qlt=80&fit=constrain",
        "sales_price": "24.99",
        "retail_price": "59"
    },
    {
        "brand": "Urban Outfitters",
        "Product name": "Ashley Enamel Dipped Hoop Earring",
        "product_url": "https://www.urbanoutfitters.com/shop/ashley-enamel-dipped-hoop-earring?category=sale&color=072",
        "product_image_urls": "https://images.urbndata.com/is/image/UrbanOutfitters/81161093_072_b?$medium$&qlt=80&fit=constrain",
        "sales_price": "9.99",
        "retail_price": "20"
    },
    {
        "brand": "Urban Outfitters",
        "Product name": "Sport Stripe Cozy Crew Sock",
        "product_url": "https://www.urbanoutfitters.com/shop/sport-stripe-cozy-crew-sock?category=sale&color=005",
        "product_image_urls": "https://images.urbndata.com/is/image/UrbanOutfitters/69710358_005_b?$medium$&qlt=80&fit=constrain",
        "sales_price": "9.99",
        "retail_price": "15"
    },
    {
        "brand": "Urban Outfitters",
        "Product name": "Midori Clear Soft Pouch",
        "product_url": "https://www.urbanoutfitters.com/shop/midori-clear-soft-pouch?category=sale&color=040",
        "product_image_urls": "https://images.urbndata.com/is/image/UrbanOutfitters/80862980_040_b?$medium$&qlt=80&fit=constrain",
        "sales_price": "9.99",
        "retail_price": "16"
    },
    {
        "brand": "Urban Outfitters",
        "Product name": "Daisy Street Twill Mini Skirt",
        "product_url": "https://www.urbanoutfitters.com/shop/daisy-street-twill-mini-skirt?category=sale&color=036",
        "product_image_urls": "https://images.urbndata.com/is/image/UrbanOutfitters/79045340_036_b?$medium$&qlt=80&fit=constrain",
        "sales_price": "24.99",
        "retail_price": "45"
    },
    {
        "brand": "Urban Outfitters",
        "Product name": "Paisley Woven Boxer Short 3-Pack",
        "product_url": "https://www.urbanoutfitters.com/shop/paisley-woven-boxer-short-3-pack?category=sale&color=000",
        "product_image_urls": "https://images.urbndata.com/is/image/UrbanOutfitters/79739819_000_b?$medium$&qlt=80&fit=constrain",
        "sales_price": "19.99",
        "retail_price": "39"
    },
    {
        "brand": "Urban Outfitters",
        "Product name": "Flat Curb Chain Necklace",
        "product_url": "https://www.urbanoutfitters.com/shop/flat-curb-chain-necklace?category=sale&color=007",
        "product_image_urls": "https://images.urbndata.com/is/image/UrbanOutfitters/80999782_007_b?$medium$&qlt=80&fit=constrain",
        "sales_price": "14.99",
        "retail_price": "25"
    },
    {
        "brand": "Urban Outfitters",
        "Product name": "Out From Under Staying In Henley Top",
        "product_url": "https://www.urbanoutfitters.com/shop/out-from-under-staying-in-henley-top?category=sale&color=012",
        "product_image_urls": "https://images.urbndata.com/is/image/UrbanOutfitters/67120014_012_b?$medium$&qlt=80&fit=constrain",
        "sales_price": "9.95 \u2013 19.99",
        "retail_price": "45"
    },
    {
        "brand": "Urban Outfitters",
        "Product name": "Out From Under Rouge Seamless Cutout Tube Top",
        "product_url": "https://www.urbanoutfitters.com/shop/out-from-under-rouge-seamless-cutout-tube-top?category=sale&color=003",
        "product_image_urls": "https://images.urbndata.com/is/image/UrbanOutfitters/79870457_003_b?$medium$&qlt=80&fit=constrain",
        "sales_price": "14.99",
        "retail_price": "25"
    },
    {
        "brand": "Urban Outfitters",
        "Product name": "Pendleton Front Range Shirt Jacket",
        "product_url": "https://www.urbanoutfitters.com/shop/pendleton-front-range-shirt-jacket?category=sale&color=069",
        "product_image_urls": "https://images.urbndata.com/is/image/UrbanOutfitters/78214772_069_b?$medium$&qlt=80&fit=constrain",
        "sales_price": "139.99",
        "retail_price": "275"
    },
    {
        "brand": "Urban Outfitters",
        "Product name": "Gourmand Eau De Parfum Floral Fruit Fragrance",
        "product_url": "https://www.urbanoutfitters.com/shop/gourmand-eau-de-parfum-floral-fruit-fragrance?category=sale&color=238",
        "product_image_urls": "https://images.urbndata.com/is/image/UrbanOutfitters/35402403_238_b?$medium$&qlt=80&fit=constrain",
        "sales_price": "14.99",
        "retail_price": "25"
    },
    {
        "brand": "Urban Outfitters",
        "Product name": "BDG \u201890s Vintage Slim Fit Jean \u2013 Foiled",
        "product_url": "https://www.urbanoutfitters.com/shop/bdg-90s-vintage-slim-fit-jean-foiled?category=sale&color=007",
        "product_image_urls": "https://images.urbndata.com/is/image/UrbanOutfitters/79230934_007_b?$medium$&qlt=80&fit=constrain",
        "sales_price": "24.95",
        "retail_price": "89"
    },
    {
        "brand": "Urban Outfitters",
        "Product name": "BDG Stormi Harrington Fleece Zip-Up Jacket",
        "product_url": "https://www.urbanoutfitters.com/shop/bdg-stormi-harrington-fleece-zip-up-jacket?category=sale&color=001",
        "product_image_urls": "https://images.urbndata.com/is/image/UrbanOutfitters/79981312_001_b?$medium$&qlt=80&fit=constrain",
        "sales_price": "59.99",
        "retail_price": "119"
    },
    {
        "brand": "Urban Outfitters",
        "Product name": "OBEY Bold 5 Baby Tee",
        "product_url": "https://www.urbanoutfitters.com/shop/obey-bold-5-baby-tee?category=sale&color=220",
        "product_image_urls": "https://images.urbndata.com/is/image/UrbanOutfitters/78568698_220_b?$medium$&qlt=80&fit=constrain",
        "sales_price": "14.99",
        "retail_price": "45"
    },
    {
        "brand": "Urban Outfitters",
        "Product name": "New Era Knit Polarlights CHicago Red Sox Beanie",
        "product_url": "https://www.urbanoutfitters.com/shop/new-era-knit-polarlights-chicago-red-sox-beanie?category=sale&color=001",
        "product_image_urls": "https://images.urbndata.com/is/image/UrbanOutfitters/78061843_001_b?$medium$&qlt=80&fit=constrain",
        "sales_price": "14.99",
        "retail_price": "30"
    },
    {
        "brand": "Urban Outfitters",
        "Product name": "BDG Extreme Wide-Leg Jean",
        "product_url": "https://www.urbanoutfitters.com/shop/bdg-extreme-wide-leg-jean2?category=sale&color=001",
        "product_image_urls": "https://images.urbndata.com/is/image/UrbanOutfitters/69957934_001_b?$medium$&qlt=80&fit=constrain",
        "sales_price": "39.99",
        "retail_price": "119"
    },
    {
        "brand": "Urban Outfitters",
        "Product name": "UO Jasmine Plaid Button Mini Skort",
        "product_url": "https://www.urbanoutfitters.com/shop/uo-jasmine-plaid-button-mini-skort?category=sale&color=006",
        "product_image_urls": "https://images.urbndata.com/is/image/UrbanOutfitters/80252695_006_b?$medium$&qlt=80&fit=constrain",
        "sales_price": "29.99",
        "retail_price": "69"
    },
    {
        "brand": "Urban Outfitters",
        "Product name": "adidas Spain Prematch Jersey Tee",
        "product_url": "https://www.urbanoutfitters.com/shop/adidas-spain-prematch-jersey-tee?category=sale&color=000",
        "product_image_urls": "https://images.urbndata.com/is/image/UrbanOutfitters/68788173_000_b?$medium$&qlt=80&fit=constrain",
        "sales_price": "19.99",
        "retail_price": "65"
    },
    {
        "brand": "Urban Outfitters",
        "Product name": "\u201947 New York Yankees Knit Beanie",
        "product_url": "https://www.urbanoutfitters.com/shop/47-new-york-yankees-knit-beanie?category=sale&color=016",
        "product_image_urls": "https://images.urbndata.com/is/image/UrbanOutfitters/78132115_016_b?$medium$&qlt=80&fit=constrain",
        "sales_price": "19.99",
        "retail_price": "35"
    },
    {
        "brand": "Urban Outfitters",
        "Product name": "Cooperative Shania Glitter Cowboy Boot",
        "product_url": "https://www.urbanoutfitters.com/shop/cooperative-shania-glitter-cowboy-boot?category=sale&color=070",
        "product_image_urls": "https://images.urbndata.com/is/image/UrbanOutfitters/80469596_070_b?$medium$&qlt=80&fit=constrain",
        "sales_price": "74.99",
        "retail_price": "145"
    },
    {
        "brand": "Urban Outfitters",
        "Product name": "X-girl Old English Logo Crew Sock",
        "product_url": "https://www.urbanoutfitters.com/shop/x-girl-old-english-logo-crew-sock?category=sale&color=008",
        "product_image_urls": "https://images.urbndata.com/is/image/UrbanOutfitters/69916294_008_b?$medium$&qlt=80&fit=constrain",
        "sales_price": "9.99",
        "retail_price": "20"
    },
    {
        "brand": "Urban Outfitters",
        "Product name": "OBEY Bold Hoodie Sweatshirt",
        "product_url": "https://www.urbanoutfitters.com/shop/obey-bold-hoodie-sweatshirt?category=sale&color=050",
        "product_image_urls": "https://images.urbndata.com/is/image/UrbanOutfitters/78567989_050_b?$medium$&qlt=80&fit=constrain",
        "sales_price": "44.99",
        "retail_price": "89"
    },
    {
        "brand": "Urban Outfitters",
        "Product name": "UO Diana Ruched Cutout Romper",
        "product_url": "https://www.urbanoutfitters.com/shop/uo-diana-ruched-cutout-romper?category=sale&color=009",
        "product_image_urls": "https://images.urbndata.com/is/image/UrbanOutfitters/80288285_009_b?$medium$&qlt=80&fit=constrain",
        "sales_price": "29.99",
        "retail_price": "79"
    },
    {
        "brand": "Urban Outfitters",
        "Product name": "UO Sorry I\u2019m Late Oversized Tee",
        "product_url": "https://www.urbanoutfitters.com/shop/uo-sorry-im-late-oversized-tee?category=sale&color=080",
        "product_image_urls": "https://images.urbndata.com/is/image/UrbanOutfitters/80534217_080_b?$medium$&qlt=80&fit=constrain",
        "sales_price": "14.99",
        "retail_price": "39"
    },
    {
        "brand": "Urban Outfitters",
        "Product name": "UO Icon Sticky Notes",
        "product_url": "https://www.urbanoutfitters.com/shop/uo-icon-sticky-notes?category=sale&color=040",
        "product_image_urls": "https://images.urbndata.com/is/image/UrbanOutfitters/67334748_040_b?$medium$&qlt=80&fit=constrain",
        "sales_price": "1.95",
        "retail_price": "8"
    },
    {
        "brand": "Urban Outfitters",
        "Product name": "Wrangler Westward Flare Jean",
        "product_url": "https://www.urbanoutfitters.com/shop/wrangler-westward-flare-jean?category=sale&color=089",
        "product_image_urls": "https://images.urbndata.com/is/image/UrbanOutfitters/68316025_089_b?$medium$&qlt=80&fit=constrain",
        "sales_price": "54.99",
        "retail_price": "138"
    },
    {
        "brand": "Urban Outfitters",
        "Product name": "UO Sonia Ruched Flare Pant",
        "product_url": "https://www.urbanoutfitters.com/shop/uo-sonia-ruched-flare-pant?category=sale&color=031",
        "product_image_urls": "https://images.urbndata.com/is/image/UrbanOutfitters/80102759_031_b?$medium$&qlt=80&fit=constrain",
        "sales_price": "24.99",
        "retail_price": "59"
    },
    {
        "brand": "Urban Outfitters",
        "Product name": "OBEY Cosmic Love Embroidered Hoodie Sweatshirt",
        "product_url": "https://www.urbanoutfitters.com/shop/obey-cosmic-love-embroidered-hoodie-sweatshirt?category=sale&color=020",
        "product_image_urls": "https://images.urbndata.com/is/image/UrbanOutfitters/78568045_020_b?$medium$&qlt=80&fit=constrain",
        "sales_price": "64.99",
        "retail_price": "129"
    },
    {
        "brand": "Urban Outfitters",
        "Product name": "OBEY Give Peace A Chance Tee",
        "product_url": "https://www.urbanoutfitters.com/shop/obey-give-peace-a-chance-tee?category=sale&color=002",
        "product_image_urls": "https://images.urbndata.com/is/image/UrbanOutfitters/78280088_002_b?$medium$&qlt=80&fit=constrain",
        "sales_price": "24.99",
        "retail_price": "49"
    },
    {
        "brand": "Urban Outfitters",
        "Product name": "\u201947 University Of Alabama Tee",
        "product_url": "https://www.urbanoutfitters.com/shop/47-university-of-alabama-tee?category=sale&color=005",
        "product_image_urls": "https://images.urbndata.com/is/image/UrbanOutfitters/78656048_005_b?$medium$&qlt=80&fit=constrain",
        "sales_price": "14.95",
        "retail_price": "49"
    },
    {
        "brand": "Urban Outfitters",
        "Product name": "BDG Valeria Cropped V-Neck Sweater",
        "product_url": "https://www.urbanoutfitters.com/shop/bdg-valeria-cropped-v-neck-sweater?category=sale&color=022",
        "product_image_urls": "https://images.urbndata.com/is/image/UrbanOutfitters/68747856_022_b?$medium$&qlt=80&fit=constrain",
        "sales_price": "29.99",
        "retail_price": "65"
    },
    {
        "brand": "Urban Outfitters",
        "Product name": "Out From Under Drew Seamless Bra Top",
        "product_url": "https://www.urbanoutfitters.com/shop/out-from-under-drew-seamless-bra-top4?category=sale&color=060",
        "product_image_urls": "https://images.urbndata.com/is/image/UrbanOutfitters/49796766_060_b?$medium$&qlt=80&fit=constrain",
        "sales_price": "9.99",
        "retail_price": "20"
    },
    {
        "brand": "Urban Outfitters",
        "Product name": "UO Amarillis Sheer Lace Off-The-Shoulder Top",
        "product_url": "https://www.urbanoutfitters.com/shop/uo-amarillis-sheer-lace-off-the-shoulder-top?category=sale&color=001",
        "product_image_urls": "https://images.urbndata.com/is/image/UrbanOutfitters/79996591_001_b?$medium$&qlt=80&fit=constrain",
        "sales_price": "24.99",
        "retail_price": "45"
    },
    {
        "brand": "Urban Outfitters",
        "Product name": "Fringe Scarf",
        "product_url": "https://www.urbanoutfitters.com/shop/fringe-scarf2?category=sale&color=001",
        "product_image_urls": "https://images.urbndata.com/is/image/UrbanOutfitters/78784675_001_b?$medium$&qlt=80&fit=constrain",
        "sales_price": "19.99",
        "retail_price": "39"
    },
    {
        "brand": "Urban Outfitters",
        "Product name": "XLARGE Pigment Dyed Embossed Zip Hoodie Sweatshirt",
        "product_url": "https://www.urbanoutfitters.com/shop/xlarge-pigment-dyed-embossed-zip-hoodie-sweatshirt?category=sale&color=001",
        "product_image_urls": "https://images.urbndata.com/is/image/UrbanOutfitters/78270717_001_b?$medium$&qlt=80&fit=constrain",
        "sales_price": "54.99",
        "retail_price": "110"
    },
    {
        "brand": "Urban Outfitters",
        "Product name": "OBEY Dreamy Hoodie Sweatshirt",
        "product_url": "https://www.urbanoutfitters.com/shop/obey-dreamy-hoodie-sweatshirt?category=sale&color=237",
        "product_image_urls": "https://images.urbndata.com/is/image/UrbanOutfitters/78568250_237_b?$medium$&qlt=80&fit=constrain",
        "sales_price": "69.99",
        "retail_price": "135"
    },
    {
        "brand": "Urban Outfitters",
        "Product name": "HommeGirls Magazine",
        "product_url": "https://www.urbanoutfitters.com/shop/hommegirls-magazine?category=sale&color=000",
        "product_image_urls": "https://images.urbndata.com/is/image/UrbanOutfitters/78939303_000_b?$medium$&qlt=80&fit=constrain",
        "sales_price": "7.99",
        "retail_price": "14.99"
    },
    {
        "brand": "Urban Outfitters",
        "Product name": "Wildflower Aura iPhone Case",
        "product_url": "https://www.urbanoutfitters.com/shop/wildflower-aura-iphone-case?category=sale&color=805",
        "product_image_urls": "https://images.urbndata.com/is/image/UrbanOutfitters/79410429_805_b?$medium$&qlt=80&fit=constrain",
        "sales_price": "19.99",
        "retail_price": "35"
    },
    {
        "brand": "Urban Outfitters",
        "Product name": "UO Sunny Collared Zip-Up Cardigan",
        "product_url": "https://www.urbanoutfitters.com/shop/uo-sunny-collared-zip-up-cardigan?category=sale&color=004",
        "product_image_urls": "https://images.urbndata.com/is/image/UrbanOutfitters/78515772_004_b?$medium$&qlt=80&fit=constrain",
        "sales_price": "34.99",
        "retail_price": "69"
    },
    {
        "brand": "Urban Outfitters",
        "Product name": "UO BRB Oversized Tee",
        "product_url": "https://www.urbanoutfitters.com/shop/uo-brb-oversized-tee?category=sale&color=011",
        "product_image_urls": "https://images.urbndata.com/is/image/UrbanOutfitters/80534282_011_b?$medium$&qlt=80&fit=constrain",
        "sales_price": "14.99",
        "retail_price": "39"
    },
    {
        "brand": "Urban Outfitters",
        "Product name": "OBEY Earth Defense Graphic Tee",
        "product_url": "https://www.urbanoutfitters.com/shop/obey-earth-defense-graphic-tee?category=sale&color=001",
        "product_image_urls": "https://images.urbndata.com/is/image/UrbanOutfitters/78568797_001_b?$medium$&qlt=80&fit=constrain",
        "sales_price": "14.99",
        "retail_price": "45"
    },
    {
        "brand": "Urban Outfitters",
        "Product name": "OBEY Stargaze Sherpa Jogger Sweatpant",
        "product_url": "https://www.urbanoutfitters.com/shop/obey-stargaze-sherpa-jogger-sweatpant?category=sale&color=001",
        "product_image_urls": "https://images.urbndata.com/is/image/UrbanOutfitters/78567930_001_b?$medium$&qlt=80&fit=constrain",
        "sales_price": "54.99",
        "retail_price": "105"
    },
    {
        "brand": "Urban Outfitters",
        "Product name": "Champion Reverse Weave Jogger Sweatpant",
        "product_url": "https://www.urbanoutfitters.com/shop/champion-reverse-weave-jogger-sweatpant2?category=sale&color=046",
        "product_image_urls": "https://images.urbndata.com/is/image/UrbanOutfitters/69383677_046_b?$medium$&qlt=80&fit=constrain",
        "sales_price": "34.99",
        "retail_price": "65"
    },
    {
        "brand": "Urban Outfitters",
        "Product name": "The Kript Jianna Turtleneck Top",
        "product_url": "https://www.urbanoutfitters.com/shop/the-kript-jianna-turtleneck-top2?category=sale&color=001",
        "product_image_urls": "https://images.urbndata.com/is/image/UrbanOutfitters/68755438_001_b?$medium$&qlt=80&fit=constrain",
        "sales_price": "29.99",
        "retail_price": "59"
    },
    {
        "brand": "Urban Outfitters",
        "Product name": "UO Casey Faux Suede Zip-Up Hoodie Jacket",
        "product_url": "https://www.urbanoutfitters.com/shop/uo-casey-faux-suede-zip-up-hoodie-jacket?category=sale&color=024",
        "product_image_urls": "https://images.urbndata.com/is/image/UrbanOutfitters/78758091_024_b?$medium$&qlt=80&fit=constrain",
        "sales_price": "79.99",
        "retail_price": "149"
    },
    {
        "brand": "Urban Outfitters",
        "Product name": "Polo Ralph Lauren Fair Isle Crew Sock",
        "product_url": "https://www.urbanoutfitters.com/shop/polo-ralph-lauren-fair-isle-crew-sock2?category=sale&color=011",
        "product_image_urls": "https://images.urbndata.com/is/image/UrbanOutfitters/69044758_011_b?$medium$&qlt=80&fit=constrain",
        "sales_price": "4.99",
        "retail_price": "9"
    },
    {
        "brand": "Urban Outfitters",
        "Product name": "PBR Beer Bottle Tee",
        "product_url": "https://www.urbanoutfitters.com/shop/pbr-beer-bottle-tee?category=sale&color=010",
        "product_image_urls": "https://images.urbndata.com/is/image/UrbanOutfitters/79859567_010_b?$medium$&qlt=80&fit=constrain",
        "sales_price": "19.99",
        "retail_price": "35"
    },
    {
        "brand": "Urban Outfitters",
        "Product name": "SILFEN Thora Swirl Shoulder Bag",
        "product_url": "https://www.urbanoutfitters.com/shop/silfen-thora-swirl-shoulder-bag?category=sale&color=024",
        "product_image_urls": "https://images.urbndata.com/is/image/UrbanOutfitters/76078583_024_b?$medium$&qlt=80&fit=constrain",
        "sales_price": "74.99",
        "retail_price": "120"
    },
    {
        "brand": "Urban Outfitters",
        "Product name": "OBEY Eyes Icon Hoodie Sweatshirt",
        "product_url": "https://www.urbanoutfitters.com/shop/obey-eyes-icon-hoodie-sweatshirt?category=sale&color=011",
        "product_image_urls": "https://images.urbndata.com/is/image/UrbanOutfitters/78568474_011_b?$medium$&qlt=80&fit=constrain",
        "sales_price": "44.99",
        "retail_price": "89"
    },
    {
        "brand": "Urban Outfitters",
        "Product name": "Echo Recycled Touch Glove",
        "product_url": "https://www.urbanoutfitters.com/shop/echo-recycled-touch-glove?category=sale&color=040",
        "product_image_urls": "https://images.urbndata.com/is/image/UrbanOutfitters/69378040_040_b?$medium$&qlt=80&fit=constrain",
        "sales_price": "19.99",
        "retail_price": "39"
    },
    {
        "brand": "Urban Outfitters",
        "Product name": "Monica Hansen Beachwear Lurex Girl U Bikini Bottom",
        "product_url": "https://www.urbanoutfitters.com/shop/monica-hansen-beachwear-lurex-girl-u-bikini-bottom?category=sale&color=045",
        "product_image_urls": "https://images.urbndata.com/is/image/UrbanOutfitters/79365722_045_b?$medium$&qlt=80&fit=constrain",
        "sales_price": "49.99",
        "retail_price": "115"
    },
    {
        "brand": "Urban Outfitters",
        "Product name": "Monica Hansen Beachwear Lurex Halter Bikini Top",
        "product_url": "https://www.urbanoutfitters.com/shop/monica-hansen-beachwear-lurex-halter-bikini-top?category=sale&color=045",
        "product_image_urls": "https://images.urbndata.com/is/image/UrbanOutfitters/79366035_045_b?$medium$&qlt=80&fit=constrain",
        "sales_price": "49.99",
        "retail_price": "115"
    },
    {
        "brand": "Urban Outfitters",
        "Product name": "UO Stefani Square Neck Long Sleeve Mini Dress",
        "product_url": "https://www.urbanoutfitters.com/shop/uo-stefani-square-neck-long-sleeve-mini-dress?category=sale&color=020",
        "product_image_urls": "https://images.urbndata.com/is/image/UrbanOutfitters/80282924_020_b?$medium$&qlt=80&fit=constrain",
        "sales_price": "34.99",
        "retail_price": "69"
    },
    {
        "brand": "Urban Outfitters",
        "Product name": "BDG Baggy Skate Fit Jean \u2013 Embroidered Butterfly",
        "product_url": "https://www.urbanoutfitters.com/shop/bdg-baggy-skate-fit-jean-embroidered-butterfly?category=sale&color=002",
        "product_image_urls": "https://images.urbndata.com/is/image/UrbanOutfitters/79344081_002_b?$medium$&qlt=80&fit=constrain",
        "sales_price": "24.95",
        "retail_price": "89"
    },
    {
        "brand": "Urban Outfitters",
        "Product name": "BDG Printed Ruched Dipped V-Front Flare Jean",
        "product_url": "https://www.urbanoutfitters.com/shop/bdg-printed-ruched-dipped-v-front-flare-jean?category=sale&color=049",
        "product_image_urls": "https://images.urbndata.com/is/image/UrbanOutfitters/78497021_049_b?$medium$&qlt=80&fit=constrain",
        "sales_price": "39.99",
        "retail_price": "99"
    },
    {
        "brand": "Urban Outfitters",
        "Product name": "BDG Printed Ruched V-Front Flare Jean",
        "product_url": "https://www.urbanoutfitters.com/shop/bdg-printed-ruched-v-front-flare-jean2?category=sale&color=009",
        "product_image_urls": "https://images.urbndata.com/is/image/UrbanOutfitters/78497021_009_b?$medium$&qlt=80&fit=constrain",
        "sales_price": "34.99",
        "retail_price": "99"
    }
]